-- phpMyAdmin SQL Dump
-- version 5.2.1
-- https://www.phpmyadmin.net/
--
-- Host: 127.0.0.1
-- Generation Time: Jul 11, 2025 at 05:05 AM
-- Server version: 10.4.32-MariaDB
-- PHP Version: 8.2.12

SET SQL_MODE = "NO_AUTO_VALUE_ON_ZERO";
START TRANSACTION;
SET time_zone = "+00:00";


/*!40101 SET @OLD_CHARACTER_SET_CLIENT=@@CHARACTER_SET_CLIENT */;
/*!40101 SET @OLD_CHARACTER_SET_RESULTS=@@CHARACTER_SET_RESULTS */;
/*!40101 SET @OLD_COLLATION_CONNECTION=@@COLLATION_CONNECTION */;
/*!40101 SET NAMES utf8mb4 */;

--
-- Database: `asodat_db`
--

-- --------------------------------------------------------

--
-- Table structure for table `aportes`
--

CREATE TABLE `aportes` (
  `apellidos_y_nombres` varchar(255) NOT NULL,
  `cedula` varchar(20) NOT NULL,
  `nuevos_ingresos` decimal(10,2) DEFAULT 0.00,
  `dic_aa` decimal(10,2) DEFAULT 0.00,
  `enero` decimal(10,2) DEFAULT 0.00,
  `febrero` decimal(10,2) DEFAULT 0.00,
  `marzo` decimal(10,2) DEFAULT 0.00,
  `abril` decimal(10,2) DEFAULT 0.00,
  `mayo` decimal(10,2) DEFAULT 0.00,
  `junio` decimal(10,2) DEFAULT 0.00,
  `julio` decimal(10,2) DEFAULT 0.00,
  `agosto` decimal(10,2) DEFAULT 0.00,
  `septiembre` decimal(10,2) DEFAULT 0.00,
  `octubre` decimal(10,2) DEFAULT 0.00,
  `noviembre` decimal(10,2) DEFAULT 0.00
) ENGINE=InnoDB DEFAULT CHARSET=utf8mb4 COLLATE=utf8mb4_general_ci;

--
-- Dumping data for table `aportes`
--

INSERT INTO `aportes` (`apellidos_y_nombres`, `cedula`, `nuevos_ingresos`, `dic_aa`, `enero`, `febrero`, `marzo`, `abril`, `mayo`, `junio`, `julio`, `agosto`, `septiembre`, `octubre`, `noviembre`) VALUES
('DELGADO MONTENEGRO IBETH DE LOS ANGELES', '0400916516', 5.00, 10.00, 10.00, 10.00, 10.00, NULL, NULL, NULL, NULL, NULL, NULL, NULL, NULL),
('ARCOS CASTILLO ROGELIO PAUL', '0401515192', 0.00, 10.00, 10.00, 10.00, 10.00, 10.00, NULL, NULL, NULL, NULL, NULL, NULL, NULL),
('GUANOLUISA MAIGUA JOSE NICOLAS', '0501161251', 0.00, 10.00, 10.00, 10.00, 10.00, 10.00, NULL, NULL, NULL, NULL, NULL, NULL, NULL),
('EGUEZ ARNALDO EFRAIN', '0501284731', 0.00, 10.00, 10.00, 10.00, 10.00, 10.00, NULL, NULL, NULL, NULL, NULL, NULL, NULL),
('MUÑOZ  ATIAGA DIEGO RAFAEL ', '0501317663', 0.00, 10.00, 10.00, 10.00, 10.00, 10.00, NULL, NULL, NULL, NULL, NULL, NULL, NULL),
('TOCA VELASCO SEGUNDO ANIBAL', '0501355226', 0.00, 10.00, 10.00, 10.00, 10.00, 10.00, NULL, NULL, NULL, NULL, NULL, NULL, NULL),
('CAICEDO ATIAGA FRANCISCO MARCELO', '0501421051', 0.00, 10.00, 10.00, 10.00, 10.00, 10.00, NULL, NULL, NULL, NULL, NULL, NULL, NULL),
('ERAZO LAVERDE WASHINGTON GERMAN', '0501432637', 0.00, 10.00, 10.00, 10.00, 10.00, 10.00, NULL, NULL, NULL, NULL, NULL, NULL, NULL),
('CHILUIZA JACHO LUIS ALFONSO', '0501442933', 0.00, 10.00, 10.00, 10.00, 10.00, 10.00, NULL, NULL, NULL, NULL, NULL, NULL, NULL),
('HERRERA GALVEZ SILVANA MADELINE', '0501443766', 0.00, 10.00, 10.00, 10.00, 10.00, 10.00, NULL, NULL, NULL, NULL, NULL, NULL, NULL),
('NARANJO HIDALGO CESAR ALFREDO', '0501498505', 0.00, 10.00, 10.00, 10.00, 10.00, 10.00, NULL, NULL, NULL, NULL, NULL, NULL, NULL),
('ALVARADO ESPINOSA LUIS FERNANDO', '0501503627', 0.00, 10.00, 10.00, 10.00, 10.00, 10.00, NULL, NULL, NULL, NULL, NULL, NULL, NULL),
('ACUÑA COELLO FAUSTO VINICIO', '0501510267', 0.00, 10.00, 10.00, 10.00, 10.00, 10.00, NULL, NULL, NULL, NULL, NULL, NULL, NULL),
('BORJA ALMEIDA LUIS GONZALO', '0501514061', 0.00, 10.00, 10.00, 10.00, 10.00, 10.00, NULL, NULL, NULL, NULL, NULL, NULL, NULL),
('BERRAZUETA OCAMPO MARIA DEL CARMEN ELVIRA', '0501514244', 0.00, 10.00, 10.00, 10.00, 10.00, 10.00, NULL, NULL, NULL, NULL, NULL, NULL, NULL),
('MEYTHALER NARANJO AMPARO DE LAS MERCEDES', '0501515803', 0.00, 10.00, 10.00, 10.00, 10.00, 10.00, NULL, NULL, NULL, NULL, NULL, NULL, NULL),
('BASSANTE LUZURIAGA MARCELO EDUARDO', '0501526560', 0.00, 10.00, 10.00, 10.00, 10.00, 10.00, NULL, NULL, NULL, NULL, NULL, NULL, NULL),
('CADENA CHAVEZ OSCAR MARCELO', '0501529952', 0.00, 10.00, 10.00, 10.00, 10.00, 10.00, NULL, NULL, NULL, NULL, NULL, NULL, NULL),
('SALAZAR PEÑA RAMIRO PATRICIO', '0501554737', 0.00, 10.00, 10.00, 10.00, 10.00, 10.00, NULL, NULL, NULL, NULL, NULL, NULL, NULL),
('MENA GARZÓN NARCISA DE JESUS', '0501615371', 0.00, 10.00, 10.00, 10.00, 10.00, 10.00, NULL, NULL, NULL, NULL, NULL, NULL, NULL),
('ESPINEL MENA GONZALO PATRICIO', '0501645790', 0.00, 10.00, 10.00, 10.00, 10.00, 10.00, NULL, NULL, NULL, NULL, NULL, NULL, NULL),
('BENAVIDES ECHEVERRIA IRALDA EUGENIA', '0501654156', 0.00, 10.00, 10.00, 10.00, 10.00, 10.00, NULL, NULL, NULL, NULL, NULL, NULL, NULL),
('LOZADA PAREDES MANUEL NORBERTO', '0501659791', 0.00, 10.00, 10.00, 10.00, 10.00, 10.00, NULL, NULL, NULL, NULL, NULL, NULL, NULL),
('ESTRELLA VACA CECILIA TATIANA', '0501674949', 0.00, 10.00, 10.00, 10.00, 10.00, 10.00, NULL, NULL, NULL, NULL, NULL, NULL, NULL),
('ANCHATUÑA JOSE PATRICIO', '0501690598', 0.00, 10.00, 10.00, 10.00, 10.00, 10.00, NULL, NULL, NULL, NULL, NULL, NULL, NULL),
('ACHIG ACHIG JUAN LEON', '0501704787', 0.00, 10.00, 10.00, 10.00, 10.00, 10.00, 10.00, 10.00, 10.00, NULL, NULL, NULL, NULL),
('MORENO MORA VERONICA', '0501747356', 0.00, 10.00, 10.00, 10.00, 10.00, 10.00, NULL, NULL, NULL, NULL, NULL, NULL, NULL),
('MASAPANTA ROJAS SEGUNDO INOCENCIO', '0501778765', 0.00, 10.00, 10.00, 10.00, 10.00, 10.00, NULL, NULL, NULL, NULL, NULL, NULL, NULL),
('ACURIO MONTENEGRO CONSUELO DE LAS MERCEDES', '0501805113', 0.00, 10.00, 10.00, 10.00, 10.00, 10.00, NULL, NULL, NULL, NULL, NULL, NULL, NULL),
('GUTIERREZ ROMERO CARLA ESTEFANIA', '0501855712', 0.00, 10.00, 10.00, 10.00, 10.00, 10.00, NULL, NULL, NULL, NULL, NULL, NULL, NULL),
('MARIN DUEÑAS RITA DEL PILAR', '0501865752', 0.00, 10.00, 10.00, 10.00, 10.00, 10.00, NULL, NULL, NULL, NULL, NULL, NULL, NULL),
('GOMEZ GOMEZ GLADYS JANETH', '0501881825', 0.00, 10.00, 10.00, 10.00, 10.00, 10.00, NULL, NULL, NULL, NULL, NULL, NULL, NULL),
('TAPIA LEON JULIO CESAR', '0501909071', 0.00, 10.00, 10.00, 10.00, 10.00, 10.00, NULL, NULL, NULL, NULL, NULL, NULL, NULL),
('ACHIG ACHIG NESTOR RODRIGO', '0501915516', 0.00, 10.00, 10.00, 10.00, 10.00, 10.00, NULL, NULL, NULL, NULL, NULL, NULL, NULL),
('JACHO GUANOLUISA NANCY DEL PILAR', '0501963086', 0.00, 10.00, 10.00, 10.00, 10.00, 10.00, NULL, NULL, NULL, NULL, NULL, NULL, NULL),
('FLORES SARANGO ANA LUCIA', '0501964779', 5.00, 10.00, 10.00, 10.00, 10.00, 10.00, NULL, NULL, NULL, NULL, NULL, NULL, NULL),
('CORRAL DIAZ MARIA ALEXANDRA', '0501970487', 0.00, 10.00, 10.00, 10.00, 10.00, 10.00, NULL, NULL, NULL, NULL, NULL, NULL, NULL),
('ESTRELLA CEVALLOS  HAYDEE AMPARITO ', '0501975742', 0.00, 10.00, 10.00, 10.00, 10.00, 10.00, NULL, NULL, NULL, NULL, NULL, NULL, NULL),
('MAIGUA LEMA EVA ALICIA ', '0501989040', 0.00, 10.00, 10.00, 10.00, 10.00, 10.00, NULL, NULL, NULL, NULL, NULL, NULL, NULL),
('CARRILLO VARGAS CARMITA MARCELA', '0502001894', 0.00, 10.00, 10.00, 10.00, 10.00, 10.00, NULL, NULL, NULL, NULL, NULL, NULL, NULL),
('LEMA CERDA LUIS ALFONSO', '0502046725', 0.00, 10.00, 10.00, 10.00, 10.00, 10.00, NULL, NULL, NULL, NULL, NULL, NULL, NULL),
('MAYORGA SORIA PAULINA TATIANA', '0502056179', 0.00, 10.00, 10.00, 10.00, 10.00, 10.00, NULL, NULL, NULL, NULL, NULL, NULL, NULL),
('PLAZA CARRILLO SARITA JOHANA', '0502065212', 0.00, 10.00, 10.00, 10.00, 10.00, 10.00, NULL, NULL, NULL, NULL, NULL, NULL, NULL),
('MOLINA QUISHPE GALO GERMANICO', '0502082068', 0.00, 10.00, 10.00, 10.00, 10.00, 10.00, NULL, NULL, NULL, NULL, NULL, NULL, NULL),
('MONTENEGRO VALDIVIEZO VERONICA ELIZABETH', '0502132624', 0.00, 10.00, 10.00, 10.00, 10.00, 10.00, NULL, NULL, NULL, NULL, NULL, NULL, NULL),
('ALVAREZ IZURIETA CONSUELO VERONICA', '0502139595', 0.00, 10.00, 10.00, 10.00, 10.00, 10.00, NULL, NULL, NULL, NULL, NULL, NULL, NULL),
('ANDALUZ ESPINOSA DIEGO FERNANDO', '0502166135', 0.00, 10.00, 10.00, 10.00, 10.00, 10.00, NULL, NULL, NULL, NULL, NULL, NULL, NULL),
('MONTALUISA YUGLA FRANKLIN JAVIER', '0502166796', 0.00, 10.00, 10.00, 10.00, 10.00, 10.00, NULL, NULL, NULL, NULL, NULL, NULL, NULL),
('JIMENEZ MALLITASIG JOSE VICENTE', '0502229016', 0.00, 10.00, 10.00, 10.00, 10.00, 10.00, NULL, NULL, NULL, NULL, NULL, NULL, NULL),
('SALAZAR CUEVA MONICA ALEXANDRA', '0502301369', 0.00, 10.00, 10.00, 10.00, 10.00, 10.00, 10.00, NULL, NULL, NULL, NULL, NULL, NULL),
('SALAZAR GRANDES MAYRA CECILIA', '0502307242', 0.00, 10.00, 10.00, 10.00, 10.00, 10.00, NULL, NULL, NULL, NULL, NULL, NULL, NULL),
('PILATASIG  PANCHI PABLO XAVIER', '0502307564', 0.00, 10.00, 10.00, 10.00, 10.00, 10.00, NULL, NULL, NULL, NULL, NULL, NULL, NULL),
('PROAÑO ESTRELLA JUAN CARLOS', '0502308638', 0.00, 10.00, 10.00, 10.00, 10.00, 10.00, NULL, NULL, NULL, NULL, NULL, NULL, NULL),
('PARREÑO OLMOS JOSE ALFREDO', '0502337181', 0.00, 10.00, 10.00, 10.00, 10.00, 10.00, NULL, NULL, NULL, NULL, NULL, NULL, NULL),
('PILATASIG PILATASIG SILVIA LORENA', '0502364037', 0.00, 10.00, 10.00, 10.00, 10.00, 10.00, NULL, NULL, NULL, NULL, NULL, NULL, NULL),
('SANDOVAL MORENO MARY JANETH', '0502388937', 0.00, 10.00, 10.00, 10.00, 10.00, 10.00, NULL, NULL, NULL, NULL, NULL, NULL, NULL),
('PROAÑO OLIVO MARIA FERNANDA', '0502399397', 0.00, 10.00, 10.00, 10.00, 10.00, 10.00, NULL, NULL, NULL, NULL, NULL, NULL, NULL),
('GARZON  RIVERA JENNY PAULINA', '0502411911', 0.00, 10.00, 10.00, 10.00, 10.00, 10.00, NULL, NULL, NULL, NULL, NULL, NULL, NULL),
('SALAZAR PULLOQUINGA JOSÉ LUIS', '0502419427', 0.00, 10.00, 10.00, 10.00, 10.00, 10.00, NULL, NULL, NULL, NULL, NULL, NULL, NULL),
('BALAREZO MOLINA EDISON PATRICIO', '0502424401', 0.00, 10.00, 10.00, 10.00, 10.00, 10.00, NULL, NULL, NULL, NULL, NULL, NULL, NULL),
('MUÑOZ GRANDES MILTON STALIN', '0502445547', 0.00, 10.00, 10.00, 10.00, 10.00, 10.00, NULL, NULL, NULL, NULL, NULL, NULL, NULL),
('AMORES  ENDARA FANNY KATHERINE ', '0502448236', 0.00, 10.00, 10.00, 10.00, 10.00, 10.00, NULL, NULL, NULL, NULL, NULL, NULL, NULL),
('VITERI ARIAS CRISTIAN SANTIAGO', '0502476914', 0.00, 10.00, 10.00, 10.00, 10.00, 10.00, NULL, NULL, NULL, NULL, NULL, NULL, NULL),
('SINCHIGUANO BASANTES WILSON PATRICIO', '0502492341', 0.00, 10.00, 10.00, 10.00, 10.00, 10.00, NULL, NULL, NULL, NULL, NULL, NULL, NULL),
('KURE MEJIA YADIRA VERONICA', '0502520240', 0.00, 10.00, 10.00, 10.00, 10.00, 10.00, NULL, NULL, NULL, NULL, NULL, NULL, NULL),
('CEVALLOS CARVAJAL ALEX SANTIAGO', '0502530447', 0.00, 10.00, 10.00, 10.00, 10.00, 10.00, NULL, NULL, NULL, NULL, NULL, NULL, NULL),
('MEYTHALER NARANJO JORGE EDUARDO', '0502531460', 0.00, 10.00, 10.00, 10.00, 10.00, 10.00, NULL, NULL, NULL, NULL, NULL, NULL, NULL),
('QUINATOA AREQUIPA EDWIN EDISON', '0502563372', 0.00, 10.00, 10.00, 10.00, 10.00, 10.00, NULL, NULL, NULL, NULL, NULL, NULL, NULL),
('CHANGO CANDO MILTON RODRIGO', '0502591340', 0.00, 10.00, 10.00, 10.00, 10.00, 10.00, NULL, NULL, NULL, NULL, NULL, NULL, NULL),
('HURTADO CAJAS MARIA EUGENIA', '0502631294', 0.00, 10.00, 10.00, 10.00, 10.00, 10.00, NULL, NULL, NULL, NULL, NULL, NULL, NULL),
('ESPINOSA JARAMILLO MARIA TERESA', '0502631377', 0.00, 10.00, 10.00, 10.00, 10.00, 10.00, NULL, NULL, NULL, NULL, NULL, NULL, NULL),
('DEFAZ TOAPANTA VERONICA ELIZABETH', '0502667298', 0.00, 10.00, 10.00, 10.00, 10.00, 10.00, NULL, NULL, NULL, NULL, NULL, NULL, NULL),
('BASANTES MOREANO LUIS FREDY', '0502676976', 5.00, 10.00, 10.00, 10.00, 10.00, 10.00, NULL, NULL, NULL, NULL, NULL, NULL, NULL),
('QUIÑONEZ BEDON MAYRA FERNANDA', '0502744378', 0.00, 10.00, 10.00, 10.00, 10.00, 10.00, NULL, NULL, NULL, NULL, NULL, NULL, NULL),
('CHASIQUIZA MOLINA EDWIN OSWALDO', '0502767254', 0.00, 10.00, 10.00, 10.00, 10.00, 10.00, NULL, NULL, NULL, NULL, NULL, NULL, NULL),
('ERAZO RODAS MAYRA JOHANNA', '0502771314', 0.00, 10.00, 10.00, 10.00, 10.00, 10.00, NULL, NULL, NULL, NULL, NULL, NULL, NULL),
('ALPUSIG CUICHAN SILVIA EMPERATRIZ', '0502779697', 0.00, 10.00, 10.00, 10.00, 10.00, 10.00, NULL, NULL, NULL, NULL, NULL, NULL, NULL),
('MATHEU ESPINOSA FRANCISCO XAVIER', '0502837677', 0.00, 10.00, 10.00, 10.00, 10.00, 10.00, NULL, NULL, NULL, NULL, NULL, NULL, NULL),
('MOLINA HERRERA JENNY CAROLINA', '0502926884', 0.00, 10.00, 10.00, 10.00, 10.00, 10.00, NULL, NULL, NULL, NULL, NULL, NULL, NULL),
('TORRES ESPIN ENMA MARIELY', '0502928047', 0.00, 10.00, 10.00, 10.00, 10.00, 10.00, NULL, NULL, NULL, NULL, NULL, NULL, NULL),
('GARCÍA  BUSTILLOS CLEMENCIA ALEJANDRA', '0502957954', 0.00, 10.00, 10.00, 10.00, 10.00, 10.00, 10.00, NULL, NULL, NULL, NULL, NULL, NULL),
('LARA JACOME OSCAR RODRIGO', '0502960594', 0.00, 10.00, 10.00, 10.00, 10.00, 10.00, NULL, NULL, NULL, NULL, NULL, NULL, NULL),
('MALAVE DROUET SARA JANETH', '0502965841', 0.00, 10.00, 10.00, 10.00, 10.00, 10.00, NULL, NULL, NULL, NULL, NULL, NULL, NULL),
('CLAUDIO  CLAUDIO LICENIA MAGALY ', '0502967052', 0.00, 10.00, 10.00, 10.00, 10.00, 10.00, NULL, NULL, NULL, NULL, NULL, NULL, NULL),
('PULLOPAXI GUTIERREZ RUTH GERMANIA', '0502993744', 0.00, 10.00, 10.00, 10.00, 10.00, 10.00, NULL, NULL, NULL, NULL, NULL, NULL, NULL),
('CULQUI TIPAN JAVIER FERNANDO', '0503006454', 0.00, 10.00, 10.00, 10.00, 10.00, 10.00, NULL, NULL, NULL, NULL, NULL, NULL, NULL),
('CRUZ ARCOS GUILLERMO MAURICIO', '0503010555', 0.00, 10.00, 10.00, 10.00, 10.00, 10.00, NULL, NULL, NULL, NULL, NULL, NULL, NULL),
('TERAN HERRERA MARIA BELEN', '0503049488', 0.00, 10.00, 10.00, 10.00, 10.00, 10.00, NULL, NULL, NULL, NULL, NULL, NULL, NULL),
('ZURITA CAISAGUANO JONATHAN RAPHAEL', '0503068660', 0.00, 10.00, 10.00, 10.00, 10.00, 10.00, NULL, NULL, NULL, NULL, NULL, NULL, NULL),
('MORETA CHANGOLUIZA JANNETH ELIZABETH', '0503078974', 0.00, 10.00, 10.00, 10.00, 10.00, 10.00, NULL, NULL, NULL, NULL, NULL, NULL, NULL),
('TOBAR HERRERA DANIEL GUSTAVO', '0503129751', 0.00, 10.00, 10.00, 10.00, 10.00, 10.00, NULL, NULL, NULL, NULL, NULL, NULL, NULL),
('BUSTILLOS ESCOLA DIEGO ISRAEL', '0503159808', 0.00, 10.00, 10.00, 10.00, 10.00, 10.00, NULL, NULL, NULL, NULL, NULL, NULL, NULL),
('CAJAS ESPINOSA MARIA JOSÉ', '0503176828', 0.00, 10.00, 10.00, 10.00, 10.00, 10.00, NULL, NULL, NULL, NULL, NULL, NULL, NULL),
('MOGRO BORJA MARIA FERNANDA', '0503199598', 0.00, 10.00, 10.00, 10.00, 10.00, 10.00, NULL, NULL, NULL, NULL, NULL, NULL, NULL),
('CHICAIZA LEMA NELLY FABIOLA', '0503263279', 0.00, 10.00, 10.00, 10.00, 10.00, 10.00, NULL, NULL, NULL, NULL, NULL, NULL, NULL),
('ALVIA MEDINA MONICA MARICELA', '0503263527', 0.00, 10.00, 10.00, 10.00, 10.00, 10.00, NULL, NULL, NULL, NULL, NULL, NULL, NULL),
('UNAPUCHA TENORIO EDISON JAVIER', '0503289555', 5.00, 10.00, 10.00, 10.00, 10.00, 10.00, NULL, NULL, NULL, NULL, NULL, NULL, NULL),
('GÓMEZ HOYOS PATRICIA CATHERINE', '0503345001', 0.00, 10.00, 10.00, 10.00, 10.00, 10.00, NULL, NULL, NULL, NULL, NULL, NULL, NULL),
('ZAMBONINO VARGAS MARÍA ALEXANDRA', '0503377749', 0.00, 10.00, 10.00, 10.00, 10.00, 10.00, NULL, NULL, NULL, NULL, NULL, NULL, NULL),
('CALVOPIÑA OSORIO JENNY PAOLA', '0503390239', 0.00, 10.00, 10.00, 10.00, 10.00, 10.00, NULL, NULL, NULL, NULL, NULL, NULL, NULL),
('CARRERA TAPIA ROMEL DAVID ', '0503393258', 0.00, 10.00, 10.00, 10.00, 10.00, 10.00, NULL, NULL, NULL, NULL, NULL, NULL, NULL),
('ARIAS PEREZ ANGEL XAVIER', '0503454811', 0.00, 10.00, 10.00, 10.00, 10.00, 10.00, NULL, NULL, NULL, NULL, NULL, NULL, NULL),
('HALLO CARRASCO LUCY MONSERRATH', '0503578403', 0.00, 10.00, 10.00, 10.00, 10.00, 10.00, NULL, NULL, NULL, NULL, NULL, NULL, NULL),
('ZAMBRANO PEÑAHERRERA ALEX OMAR', '0503782963', 0.00, 10.00, 10.00, 10.00, 10.00, 10.00, NULL, NULL, NULL, NULL, NULL, NULL, NULL),
('ALBAN ZAMBRANO ROSA MABEL', '0503785727', 0.00, 10.00, 10.00, 10.00, 10.00, 10.00, NULL, NULL, NULL, NULL, NULL, NULL, NULL),
('TAIPICAÑA ROCHA JOEL ALEJANDRO', '0503838781', 0.00, 0.00, 0.00, 0.00, 0.00, 0.00, 0.00, 0.00, 0.00, 0.00, 0.00, 0.00, 0.00),
('REYES SEGOVIA MERCEDES ELIZABETH', '0503861536', 0.00, 10.00, 10.00, 10.00, 10.00, 10.00, NULL, NULL, NULL, NULL, NULL, NULL, NULL),
('PEÑAHERRERA VEINTIMILLA JESSICA LORENA', '0503990269', 0.00, 10.00, 10.00, 10.00, 10.00, 10.00, NULL, NULL, NULL, NULL, NULL, NULL, NULL),
('VITERI BORJA MICHELLE ESTEFANÍA', '0504239294', 0.00, 10.00, 10.00, 10.00, 10.00, 10.00, NULL, NULL, NULL, NULL, NULL, NULL, NULL),
('POZO JARA ELSA JACQUELINE', '0602151060', 0.00, 10.00, 10.00, 10.00, 10.00, 10.00, NULL, NULL, NULL, NULL, NULL, NULL, NULL),
('CANDO CANDO GUADALUPE PATRICIA', '0602606832', 0.00, 10.00, 10.00, NULL, NULL, NULL, NULL, NULL, NULL, NULL, NULL, NULL, NULL),
('VILLA ZUMBA MIGUEL ANGEL', '0602664419', 0.00, 10.00, 10.00, 10.00, 10.00, 10.00, NULL, NULL, NULL, NULL, NULL, NULL, NULL),
('AREVALO RODRIGUEZ ESTEBAN ANDRES', '0604248062', 0.00, 10.00, 10.00, 10.00, 10.00, 10.00, NULL, NULL, NULL, NULL, NULL, NULL, NULL),
('JACOME GUERRERO PATRICIO SANTIAGO', '1001689791', 0.00, 10.00, 10.00, 10.00, 10.00, 10.00, NULL, NULL, NULL, NULL, NULL, NULL, NULL),
('CARDENAS PÉREZ ALISVA DE LOS ANGELES', '1104169410', 0.00, 10.00, 10.00, 10.00, 10.00, 10.00, NULL, NULL, NULL, NULL, NULL, NULL, NULL),
('MENA MENA LUIS ENRIQUE', '1204647596', 0.00, 10.00, 10.00, 10.00, 10.00, 10.00, NULL, NULL, NULL, NULL, NULL, NULL, NULL),
('ZABALA CACERES EMMY SAMANTHA', '1500636889', 0.00, 10.00, 10.00, 10.00, 10.00, 10.00, NULL, NULL, NULL, NULL, NULL, NULL, NULL),
('ALVAREZ SALAZAR FABIAN ARMANDO', '1706284880', 0.00, 10.00, 10.00, 10.00, 10.00, 10.00, NULL, NULL, NULL, NULL, NULL, NULL, NULL),
('CABEZAS MEJIA EDISON DAMIAN', '1709435851', 5.00, 10.00, 10.00, 10.00, 10.00, NULL, NULL, NULL, NULL, NULL, NULL, NULL, NULL),
('MENA MENA EURO RODRIGO', '1712681046', 0.00, 10.00, 10.00, 10.00, 10.00, 10.00, NULL, NULL, NULL, NULL, NULL, NULL, NULL),
('VELASCO GUERRA ANDREA ESTEFANÍA', '1714563283', 0.00, 10.00, 10.00, 10.00, 10.00, 10.00, NULL, NULL, NULL, NULL, NULL, NULL, NULL),
('MOREIRA ROSALES LOURDES VIVIANA', '1716144603', 0.00, 10.00, 10.00, 10.00, 10.00, 10.00, NULL, NULL, NULL, NULL, NULL, NULL, NULL),
('GUAMAN  GUAMAN SEGUNDO XAVIER', '1717282873', 0.00, 10.00, 10.00, 10.00, 10.00, 10.00, NULL, NULL, NULL, NULL, NULL, NULL, NULL),
('JACOME GUEVARA FAUSTO ANDRES', '1717579609', 0.00, 10.00, 10.00, 10.00, 10.00, 10.00, NULL, NULL, NULL, NULL, NULL, NULL, NULL),
('BAUTISTA ZURITA RODRIGO CRISTOBAL ', '1720240991', 0.00, 10.00, 10.00, 10.00, 10.00, 10.00, NULL, NULL, NULL, NULL, NULL, NULL, NULL),
('CHANATAXI NACIMBA BRYAN JAVIER', '1722071055', 0.00, 10.00, 10.00, 10.00, 10.00, 10.00, NULL, NULL, NULL, NULL, NULL, NULL, NULL),
('INCA YAJAMIN GABRIEL SEBASTIAN', '1722580329', 0.00, 10.00, 10.00, 10.00, 10.00, 10.00, NULL, NULL, NULL, NULL, NULL, NULL, NULL),
('ARELLANO REYES MILTON ANDRES', '1723064513', 0.00, 10.00, 10.00, 10.00, 10.00, 10.00, NULL, NULL, NULL, NULL, NULL, NULL, NULL),
('CAIZA FUEL JOSSELYN ALEJANDRA', '1723488506', 5.00, 10.00, 10.00, 10.00, 10.00, 10.00, NULL, NULL, NULL, NULL, NULL, NULL, NULL),
('AGUILERA MONTALVAN LISSETH IVANOVA', '1723638035', 0.00, 10.00, 10.00, 10.00, 10.00, 10.00, NULL, NULL, NULL, NULL, NULL, NULL, NULL),
('MASACHE ALMEIDA PAUL ANDRES', '1725785552', 0.00, 10.00, 10.00, 10.00, 10.00, 10.00, NULL, NULL, NULL, NULL, NULL, NULL, NULL),
('GUEVARA JIMENEZ PAUL STALIN', '1753023272', 0.00, 10.00, 10.00, 10.00, 10.00, 10.00, NULL, NULL, NULL, NULL, NULL, NULL, NULL),
('GONZALEZ RUIZ LUIS PATRICIO', '1801695691', 0.00, 10.00, 10.00, 10.00, 10.00, 10.00, NULL, NULL, NULL, NULL, NULL, NULL, NULL),
('SILVA MONTEROS CARLOS MARCELO', '1801836360', 0.00, 10.00, 10.00, 10.00, 10.00, 10.00, NULL, NULL, NULL, NULL, NULL, NULL, NULL),
('LOPEZ CHICO XIMENA DEL ROCIO', '1801894724', 0.00, 10.00, 10.00, 10.00, 10.00, 10.00, NULL, NULL, NULL, NULL, NULL, NULL, NULL),
('FREIRE LLERENA WASHINGTON RODRIGO', '1801910884', 0.00, 10.00, 10.00, 10.00, 10.00, 10.00, NULL, NULL, NULL, NULL, NULL, NULL, NULL),
('SILVA MONTEROS FRANKLIN MANUEL', '1801962125', 0.00, 10.00, 10.00, 10.00, 10.00, 10.00, NULL, NULL, NULL, NULL, NULL, NULL, NULL),
('ROBAYO ESPIN ALICIA MARIANELA', '1802311710', 0.00, 10.00, 10.00, 10.00, 10.00, 10.00, NULL, NULL, NULL, NULL, NULL, NULL, NULL),
('RIVAS LALALEO DAVID RAIMUNDO', '1802445302', 0.00, 10.00, 10.00, 10.00, 10.00, 10.00, NULL, NULL, NULL, NULL, NULL, NULL, NULL),
('TRUJILLO SANCHEZ SERGIO FABRICIO', '1802535797', 0.00, 10.00, 10.00, 10.00, 10.00, 10.00, NULL, NULL, NULL, NULL, NULL, NULL, NULL),
('PEREZ GUTIERREZ MILTON FABRICIO', '1802565711', 0.00, 10.00, 10.00, 10.00, 10.00, 10.00, NULL, NULL, NULL, NULL, NULL, NULL, NULL),
('SAAVEDRA ACOSTA GALO ROBERTO', '1802731115', 0.00, 10.00, 10.00, 10.00, 10.00, 10.00, NULL, NULL, NULL, NULL, NULL, NULL, NULL),
('TOALOMBO CAPUZ MARIA MAGDALENA', '1802817344', 0.00, 10.00, 10.00, 10.00, 10.00, 10.00, NULL, NULL, NULL, NULL, NULL, NULL, NULL),
('AMORES RAMOS JULIO CESAR', '1802867356', 0.00, 10.00, 10.00, 10.00, 10.00, 10.00, NULL, NULL, NULL, NULL, NULL, NULL, NULL),
('MORALES ORTIZ MARCIA JIMENA', '1803117223', 0.00, 10.00, 10.00, 10.00, 10.00, 10.00, NULL, NULL, NULL, NULL, NULL, NULL, NULL),
('GALARZA BARRIONUEVO OMAR VINICIO', '1803238128', 0.00, 10.00, 10.00, 10.00, 10.00, 10.00, NULL, NULL, NULL, NULL, NULL, NULL, NULL),
('URQUIZO VACA SANTIAGO RAFAEL', '1803243599', 0.00, 10.00, 10.00, 10.00, 10.00, 10.00, NULL, NULL, NULL, NULL, NULL, NULL, NULL),
('MOSCOSO JURADO DAVID ESTUARDO', '1803393485', 0.00, 10.00, 10.00, 10.00, 10.00, 10.00, NULL, NULL, NULL, NULL, NULL, NULL, NULL),
('CHANGO GALARZA MARIELA CRISTINA', '1803406493', 0.00, 10.00, 10.00, 10.00, 10.00, 10.00, NULL, NULL, NULL, NULL, NULL, NULL, NULL),
('MOLINA SANCHEZ JOSE ISAAC', '1803752300', 0.00, 10.00, 10.00, 10.00, 10.00, 10.00, NULL, NULL, NULL, NULL, NULL, NULL, NULL),
('CAICEDO ALTAMIRANO FERNANDO SEBASTIAN', '1803935020', 0.00, 10.00, 10.00, 10.00, 10.00, 10.00, NULL, NULL, NULL, NULL, NULL, NULL, NULL),
('RAMOS JINEZ ALEX JAVIER', '1804326625', 0.00, 10.00, 10.00, 10.00, 10.00, 10.00, NULL, NULL, NULL, NULL, NULL, NULL, NULL),
('SOLIS SANTAMARIA SANTIAGO ISAAC', '1804327144', 0.00, 10.00, 10.00, 10.00, 10.00, 10.00, NULL, NULL, NULL, NULL, NULL, NULL, NULL),
('MOYA CASTILLO ERIKA VANESSA', '1804343653', 0.00, 10.00, 10.00, 10.00, 10.00, 10.00, NULL, NULL, NULL, NULL, NULL, NULL, NULL),
('NAVAS MOYA MILTON PATRICIO', ' 0502029275', 0.00, 10.00, 10.00, NULL, NULL, NULL, NULL, NULL, NULL, NULL, NULL, NULL, NULL);

-- --------------------------------------------------------

--
-- Table structure for table `aportes_socios`
--

CREATE TABLE `aportes_socios` (
  `apellidos_y_nombres` varchar(255) DEFAULT NULL,
  `cedula` varchar(20) NOT NULL,
  `nuevos_ingresos` decimal(10,2) DEFAULT NULL,
  `dic_24` decimal(10,2) DEFAULT NULL,
  `ene_25` decimal(10,2) DEFAULT NULL,
  `feb_25` decimal(10,2) DEFAULT NULL,
  `mar_25` decimal(10,2) DEFAULT NULL,
  `abr_25` decimal(10,2) DEFAULT NULL,
  `may_25` decimal(10,2) DEFAULT NULL,
  `jun_25` decimal(10,2) DEFAULT NULL,
  `jul_25` decimal(10,2) DEFAULT NULL,
  `ago_25` decimal(10,2) DEFAULT NULL,
  `sept_25` decimal(10,2) DEFAULT NULL,
  `oct_25` decimal(10,2) DEFAULT NULL,
  `nov_25` decimal(10,2) DEFAULT NULL,
  `dic_25` decimal(10,2) DEFAULT NULL
) ENGINE=InnoDB DEFAULT CHARSET=utf8mb4 COLLATE=utf8mb4_general_ci;

--
-- Dumping data for table `aportes_socios`
--

INSERT INTO `aportes_socios` (`apellidos_y_nombres`, `cedula`, `nuevos_ingresos`, `dic_24`, `ene_25`, `feb_25`, `mar_25`, `abr_25`, `may_25`, `jun_25`, `jul_25`, `ago_25`, `sept_25`, `oct_25`, `nov_25`, `dic_25`) VALUES
('DELGADO MONTENEGRO IBETH DE LOS ANGELES', '0400916516', 5.00, 10.00, 10.00, 10.00, 10.00, NULL, NULL, NULL, NULL, NULL, NULL, NULL, NULL, NULL),
('ARCOS CASTILLO ROGELIO PAUL', '0401515192', 0.00, 10.00, 10.00, 10.00, 10.00, NULL, NULL, NULL, NULL, NULL, NULL, NULL, NULL, NULL),
('GUANOLUISA MAIGUA JOSE NICOLAS', '0501161251', 0.00, 10.00, 10.00, 10.00, 10.00, NULL, NULL, NULL, NULL, NULL, NULL, NULL, NULL, NULL),
('EGUEZ ARNALDO EFRAIN', '0501284731', 0.00, 10.00, 10.00, 10.00, 10.00, NULL, NULL, NULL, NULL, NULL, NULL, NULL, NULL, NULL),
('MUÑOZ  ATIAGA DIEGO RAFAEL ', '0501317663', 0.00, 10.00, 10.00, 10.00, 10.00, NULL, NULL, NULL, NULL, NULL, NULL, NULL, NULL, NULL),
('TOCA VELASCO SEGUNDO ANIBAL', '0501355226', 0.00, 10.00, 10.00, 10.00, 10.00, NULL, NULL, NULL, NULL, NULL, NULL, NULL, NULL, NULL),
('CAICEDO ATIAGA FRANCISCO MARCELO', '0501421051', 0.00, 10.00, 10.00, 10.00, 10.00, NULL, NULL, NULL, NULL, NULL, NULL, NULL, NULL, NULL),
('ERAZO LAVERDE WASHINGTON GERMAN', '0501432637', 0.00, 10.00, 10.00, 10.00, 10.00, NULL, NULL, NULL, NULL, NULL, NULL, NULL, NULL, NULL),
('CHILUIZA JACHO LUIS ALFONSO', '0501442933', 0.00, 10.00, 10.00, 10.00, 10.00, NULL, NULL, NULL, NULL, NULL, NULL, NULL, NULL, NULL),
('HERRERA GALVEZ SILVANA MADELINE', '0501443766', 0.00, 10.00, 10.00, 10.00, 10.00, NULL, NULL, NULL, NULL, NULL, NULL, NULL, NULL, NULL),
('NARANJO HIDALGO CESAR ALFREDO', '0501498505', 0.00, 10.00, 10.00, 10.00, 10.00, NULL, NULL, NULL, NULL, NULL, NULL, NULL, NULL, NULL),
('ALVARADO ESPINOSA LUIS FERNANDO', '0501503627', 0.00, 10.00, 10.00, 10.00, 10.00, NULL, NULL, NULL, NULL, NULL, NULL, NULL, NULL, NULL),
('ACUÑA COELLO FAUSTO VINICIO', '0501510267', 0.00, 10.00, 10.00, 10.00, 10.00, NULL, NULL, NULL, NULL, NULL, NULL, NULL, NULL, NULL),
('BORJA ALMEIDA LUIS GONZALO', '0501514061', 0.00, 10.00, 10.00, 10.00, 10.00, NULL, NULL, NULL, NULL, NULL, NULL, NULL, NULL, NULL),
('BERRAZUETA OCAMPO MARIA DEL CARMEN ELVIRA', '0501514244', 0.00, 10.00, 10.00, 10.00, 10.00, NULL, NULL, NULL, NULL, NULL, NULL, NULL, NULL, NULL),
('MEYTHALER NARANJO AMPARO DE LAS MERCEDES', '0501515803', 0.00, 10.00, 10.00, 10.00, 10.00, NULL, NULL, NULL, NULL, NULL, NULL, NULL, NULL, NULL),
('BASSANTE LUZURIAGA MARCELO EDUARDO', '0501526560', 0.00, 10.00, 10.00, 10.00, 10.00, NULL, NULL, NULL, NULL, NULL, NULL, NULL, NULL, NULL),
('CADENA CHAVEZ OSCAR MARCELO', '0501529952', 0.00, 10.00, 10.00, 10.00, 10.00, NULL, NULL, NULL, NULL, NULL, NULL, NULL, NULL, NULL),
('SALAZAR PEÑA RAMIRO PATRICIO', '0501554737', 0.00, 10.00, 10.00, 10.00, 10.00, NULL, NULL, NULL, NULL, NULL, NULL, NULL, NULL, NULL),
('MENA GARZÓN NARCISA DE JESUS', '0501615371', 0.00, 10.00, 10.00, 10.00, 10.00, NULL, NULL, NULL, NULL, NULL, NULL, NULL, NULL, NULL),
('ESPINEL MENA GONZALO PATRICIO', '0501645790', 0.00, 10.00, 10.00, 10.00, 10.00, NULL, NULL, NULL, NULL, NULL, NULL, NULL, NULL, NULL),
('BENAVIDES ECHEVERRIA IRALDA EUGENIA', '0501654156', 0.00, 10.00, 10.00, 10.00, 10.00, NULL, NULL, NULL, NULL, NULL, NULL, NULL, NULL, NULL),
('LOZADA PAREDES MANUEL NORBERTO', '0501659791', 0.00, 10.00, 10.00, 10.00, 10.00, NULL, NULL, NULL, NULL, NULL, NULL, NULL, NULL, NULL),
('ESTRELLA VACA CECILIA TATIANA', '0501674949', 0.00, 10.00, 10.00, 10.00, 10.00, NULL, NULL, NULL, NULL, NULL, NULL, NULL, NULL, NULL),
('ANCHATUÑA JOSE PATRICIO', '0501690598', 0.00, 10.00, 10.00, 10.00, 10.00, NULL, NULL, NULL, NULL, NULL, NULL, NULL, NULL, NULL),
('ACHIG ACHIG JUAN LEON', '0501704787', 0.00, 10.00, 10.00, 10.00, 10.00, NULL, NULL, NULL, NULL, NULL, NULL, NULL, NULL, NULL),
('MORENO MORA VERONICA', '0501747356', 0.00, 10.00, 10.00, 10.00, 10.00, NULL, NULL, NULL, NULL, NULL, NULL, NULL, NULL, NULL),
('MASAPANTA ROJAS SEGUNDO INOCENCIO', '0501778765', 0.00, 10.00, 10.00, 10.00, 10.00, NULL, NULL, NULL, NULL, NULL, NULL, NULL, NULL, NULL),
('ACURIO MONTENEGRO CONSUELO DE LAS MERCEDES', '0501805113', 0.00, 10.00, 10.00, 10.00, 10.00, NULL, NULL, NULL, NULL, NULL, NULL, NULL, NULL, NULL),
('GUTIERREZ ROMERO CARLA ESTEFANIA', '0501855712', 0.00, 10.00, 10.00, 10.00, 10.00, NULL, NULL, NULL, NULL, NULL, NULL, NULL, NULL, NULL),
('MARIN DUEÑAS RITA DEL PILAR', '0501865752', 0.00, 10.00, 10.00, 10.00, 10.00, NULL, NULL, NULL, NULL, NULL, NULL, NULL, NULL, NULL),
('GOMEZ GOMEZ GLADYS JANETH', '0501881825', 0.00, 10.00, 10.00, 10.00, 10.00, NULL, NULL, NULL, NULL, NULL, NULL, NULL, NULL, NULL),
('TAPIA LEON JULIO CESAR', '0501909071', 0.00, 10.00, 10.00, 10.00, 10.00, NULL, NULL, NULL, NULL, NULL, NULL, NULL, NULL, NULL),
('ACHIG ACHIG NESTOR RODRIGO', '0501915516', 0.00, 10.00, 10.00, 10.00, 10.00, NULL, NULL, NULL, NULL, NULL, NULL, NULL, NULL, NULL),
('JACHO GUANOLUISA NANCY DEL PILAR', '0501963086', 0.00, 10.00, 10.00, 10.00, 10.00, NULL, NULL, NULL, NULL, NULL, NULL, NULL, NULL, NULL),
('FLORES SARANGO ANA LUCIA', '0501964779', 5.00, 10.00, 10.00, 10.00, 10.00, NULL, NULL, NULL, NULL, NULL, NULL, NULL, NULL, NULL),
('CORRAL DIAZ MARIA ALEXANDRA', '0501970487', 0.00, 10.00, 10.00, 10.00, 10.00, NULL, NULL, NULL, NULL, NULL, NULL, NULL, NULL, NULL),
('ESTRELLA CEVALLOS  HAYDEE AMPARITO ', '0501975742', 0.00, 10.00, 10.00, 10.00, 10.00, NULL, NULL, NULL, NULL, NULL, NULL, NULL, NULL, NULL),
('MAIGUA LEMA EVA ALICIA ', '0501989040', 0.00, 10.00, 10.00, 10.00, 10.00, NULL, NULL, NULL, NULL, NULL, NULL, NULL, NULL, NULL),
('CARRILLO VARGAS CARMITA MARCELA', '0502001894', 0.00, 10.00, 10.00, 10.00, 10.00, NULL, NULL, NULL, NULL, NULL, NULL, NULL, NULL, NULL),
('LEMA CERDA LUIS ALFONSO', '0502046725', 0.00, 10.00, 10.00, 10.00, 10.00, NULL, NULL, NULL, NULL, NULL, NULL, NULL, NULL, NULL),
('MAYORGA SORIA PAULINA TATIANA', '0502056179', 0.00, 10.00, 10.00, 10.00, 10.00, NULL, NULL, NULL, NULL, NULL, NULL, NULL, NULL, NULL),
('PLAZA CARRILLO SARITA JOHANA', '0502065212', 0.00, 10.00, 10.00, 10.00, 10.00, NULL, NULL, NULL, NULL, NULL, NULL, NULL, NULL, NULL),
('MOLINA QUISHPE GALO GERMANICO', '0502082068', 0.00, 10.00, 10.00, 10.00, 10.00, NULL, NULL, NULL, NULL, NULL, NULL, NULL, NULL, NULL),
('MONTENEGRO VALDIVIEZO VERONICA ELIZABETH', '0502132624', 0.00, 10.00, 10.00, 10.00, 10.00, NULL, NULL, NULL, NULL, NULL, NULL, NULL, NULL, NULL),
('ALVAREZ IZURIETA CONSUELO VERONICA', '0502139595', 0.00, 10.00, 10.00, 10.00, 10.00, NULL, NULL, NULL, NULL, NULL, NULL, NULL, NULL, NULL),
('ANDALUZ ESPINOSA DIEGO FERNANDO', '0502166135', 0.00, 10.00, 10.00, 10.00, 10.00, NULL, NULL, NULL, NULL, NULL, NULL, NULL, NULL, NULL),
('MONTALUISA YUGLA FRANKLIN JAVIER', '0502166796', 0.00, 10.00, 10.00, 10.00, 10.00, NULL, NULL, NULL, NULL, NULL, NULL, NULL, NULL, NULL),
('JIMENEZ MALLITASIG JOSE VICENTE', '0502229016', 0.00, 10.00, 10.00, 10.00, 10.00, NULL, NULL, NULL, NULL, NULL, NULL, NULL, NULL, NULL),
('SALAZAR CUEVA MONICA ALEXANDRA', '0502301369', 0.00, 10.00, 10.00, 10.00, 10.00, NULL, NULL, NULL, NULL, NULL, NULL, NULL, NULL, NULL),
('SALAZAR GRANDES MAYRA CECILIA', '0502307242', 0.00, 10.00, 10.00, 10.00, 10.00, NULL, NULL, NULL, NULL, NULL, NULL, NULL, NULL, NULL),
('PILATASIG  PANCHI PABLO XAVIER', '0502307564', 0.00, 10.00, 10.00, 10.00, 10.00, NULL, NULL, NULL, NULL, NULL, NULL, NULL, NULL, NULL),
('PROAÑO ESTRELLA JUAN CARLOS', '0502308638', 0.00, 10.00, 10.00, 10.00, 10.00, NULL, NULL, NULL, NULL, NULL, NULL, NULL, NULL, NULL),
('PARREÑO OLMOS JOSE ALFREDO', '0502337181', 0.00, 10.00, 10.00, 10.00, 10.00, NULL, NULL, NULL, NULL, NULL, NULL, NULL, NULL, NULL),
('PILATASIG PILATASIG SILVIA LORENA', '0502364037', 0.00, 10.00, 10.00, 10.00, 10.00, NULL, NULL, NULL, NULL, NULL, NULL, NULL, NULL, NULL),
('SANDOVAL MORENO MARY JANETH', '0502388937', 0.00, 10.00, 10.00, 10.00, 10.00, NULL, NULL, NULL, NULL, NULL, NULL, NULL, NULL, NULL),
('PROAÑO OLIVO MARIA FERNANDA', '0502399397', 0.00, 10.00, 10.00, 10.00, 10.00, NULL, NULL, NULL, NULL, NULL, NULL, NULL, NULL, NULL),
('GARZON  RIVERA JENNY PAULINA', '0502411911', 0.00, 10.00, 10.00, 10.00, 10.00, NULL, NULL, NULL, NULL, NULL, NULL, NULL, NULL, NULL),
('SALAZAR PULLOQUINGA JOSÉ LUIS', '0502419427', 0.00, 10.00, 10.00, 10.00, 10.00, NULL, NULL, NULL, NULL, NULL, NULL, NULL, NULL, NULL),
('BALAREZO MOLINA EDISON PATRICIO', '0502424401', 0.00, 10.00, 10.00, 10.00, 10.00, NULL, NULL, NULL, NULL, NULL, NULL, NULL, NULL, NULL),
('MUÑOZ GRANDES MILTON STALIN', '0502445547', 0.00, 10.00, 10.00, 10.00, 10.00, NULL, NULL, NULL, NULL, NULL, NULL, NULL, NULL, NULL),
('AMORES  ENDARA FANNY KATHERINE ', '0502448236', 0.00, 10.00, 10.00, 10.00, 10.00, NULL, NULL, NULL, NULL, NULL, NULL, NULL, NULL, NULL),
('VITERI ARIAS CRISTIAN SANTIAGO', '0502476914', 0.00, 10.00, 10.00, 10.00, 10.00, NULL, NULL, NULL, NULL, NULL, NULL, NULL, NULL, NULL),
('SINCHIGUANO BASANTES WILSON PATRICIO', '0502492341', 0.00, 10.00, 10.00, 10.00, 10.00, NULL, NULL, NULL, NULL, NULL, NULL, NULL, NULL, NULL),
('KURE MEJIA YADIRA VERONICA', '0502520240', 0.00, 10.00, 10.00, 10.00, 10.00, NULL, NULL, NULL, NULL, NULL, NULL, NULL, NULL, NULL),
('CEVALLOS CARVAJAL ALEX SANTIAGO', '0502530447', 0.00, 10.00, 10.00, 10.00, 10.00, NULL, NULL, NULL, NULL, NULL, NULL, NULL, NULL, NULL),
('MEYTHALER NARANJO JORGE EDUARDO', '0502531460', 0.00, 10.00, 10.00, 10.00, 10.00, NULL, NULL, NULL, NULL, NULL, NULL, NULL, NULL, NULL),
('QUINATOA AREQUIPA EDWIN EDISON', '0502563372', 0.00, 10.00, 10.00, 10.00, 10.00, NULL, NULL, NULL, NULL, NULL, NULL, NULL, NULL, NULL),
('CHANGO CANDO MILTON RODRIGO', '0502591340', 0.00, 10.00, 10.00, 10.00, 10.00, NULL, NULL, NULL, NULL, NULL, NULL, NULL, NULL, NULL),
('HURTADO CAJAS MARIA EUGENIA', '0502631294', 0.00, 10.00, 10.00, 10.00, 10.00, NULL, NULL, NULL, NULL, NULL, NULL, NULL, NULL, NULL),
('ESPINOSA JARAMILLO MARIA TERESA', '0502631377', 0.00, 10.00, 10.00, 10.00, 10.00, NULL, NULL, NULL, NULL, NULL, NULL, NULL, NULL, NULL),
('DEFAZ TOAPANTA VERONICA ELIZABETH', '0502667298', 0.00, 10.00, 10.00, 10.00, 10.00, NULL, NULL, NULL, NULL, NULL, NULL, NULL, NULL, NULL),
('BASANTES MOREANO LUIS FREDY', '0502676976', 5.00, 10.00, 10.00, 10.00, 10.00, NULL, NULL, NULL, NULL, NULL, NULL, NULL, NULL, NULL),
('QUIÑONEZ BEDON MAYRA FERNANDA', '0502744378', 0.00, 10.00, 10.00, 10.00, 10.00, NULL, NULL, NULL, NULL, NULL, NULL, NULL, NULL, NULL),
('CHASIQUIZA MOLINA EDWIN OSWALDO', '0502767254', 0.00, 10.00, 10.00, 10.00, 10.00, NULL, NULL, NULL, NULL, NULL, NULL, NULL, NULL, NULL),
('ERAZO RODAS MAYRA JOHANNA', '0502771314', 0.00, 10.00, 10.00, 10.00, 10.00, NULL, NULL, NULL, NULL, NULL, NULL, NULL, NULL, NULL),
('ALPUSIG CUICHAN SILVIA EMPERATRIZ', '0502779697', 0.00, 10.00, 10.00, 10.00, 10.00, NULL, NULL, NULL, NULL, NULL, NULL, NULL, NULL, NULL),
('MATHEU ESPINOSA FRANCISCO XAVIER', '0502837677', 0.00, 10.00, 10.00, 10.00, 10.00, NULL, NULL, NULL, NULL, NULL, NULL, NULL, NULL, NULL),
('MOLINA HERRERA JENNY CAROLINA', '0502926884', 0.00, 10.00, 10.00, 10.00, 10.00, NULL, NULL, NULL, NULL, NULL, NULL, NULL, NULL, NULL),
('TORRES ESPIN ENMA MARIELY', '0502928047', 0.00, 10.00, 10.00, 10.00, 10.00, NULL, NULL, NULL, NULL, NULL, NULL, NULL, NULL, NULL),
('GARCÍA  BUSTILLOS CLEMENCIA ALEJANDRA', '0502957954', 0.00, 10.00, 10.00, 10.00, 10.00, NULL, NULL, NULL, NULL, NULL, NULL, NULL, NULL, NULL),
('LARA JACOME OSCAR RODRIGO', '0502960594', 0.00, 10.00, 10.00, 10.00, 10.00, NULL, NULL, NULL, NULL, NULL, NULL, NULL, NULL, NULL),
('MALAVE DROUET SARA JANETH', '0502965841', 0.00, 10.00, 10.00, 10.00, 10.00, NULL, NULL, NULL, NULL, NULL, NULL, NULL, NULL, NULL),
('CLAUDIO  CLAUDIO LICENIA MAGALY ', '0502967052', 0.00, 10.00, 10.00, 10.00, 10.00, NULL, NULL, NULL, NULL, NULL, NULL, NULL, NULL, NULL),
('PULLOPAXI GUTIERREZ RUTH GERMANIA', '0502993744', 0.00, 10.00, 10.00, 10.00, 10.00, NULL, NULL, NULL, NULL, NULL, NULL, NULL, NULL, NULL),
('CULQUI TIPAN JAVIER FERNANDO', '0503006454', 0.00, 10.00, 10.00, 10.00, 10.00, NULL, NULL, NULL, NULL, NULL, NULL, NULL, NULL, NULL),
('CRUZ ARCOS GUILLERMO MAURICIO', '0503010555', 0.00, 10.00, 10.00, 10.00, 10.00, NULL, NULL, NULL, NULL, NULL, NULL, NULL, NULL, NULL),
('TERAN HERRERA MARIA BELEN', '0503049488', 0.00, 10.00, 10.00, 10.00, 10.00, NULL, NULL, NULL, NULL, NULL, NULL, NULL, NULL, NULL),
('ZURITA CAISAGUANO JONATHAN RAPHAEL', '0503068660', 0.00, 10.00, 10.00, 10.00, 10.00, NULL, NULL, NULL, NULL, NULL, NULL, NULL, NULL, NULL),
('MORETA CHANGOLUIZA JANNETH ELIZABETH', '0503078974', 0.00, 10.00, 10.00, 10.00, 10.00, NULL, NULL, NULL, NULL, NULL, NULL, NULL, NULL, NULL),
('TOBAR HERRERA DANIEL GUSTAVO', '0503129751', 0.00, 10.00, 10.00, 10.00, 10.00, NULL, NULL, NULL, NULL, NULL, NULL, NULL, NULL, NULL),
('BUSTILLOS ESCOLA DIEGO ISRAEL', '0503159808', 0.00, 10.00, 10.00, 10.00, 10.00, NULL, NULL, NULL, NULL, NULL, NULL, NULL, NULL, NULL),
('CAJAS ESPINOSA MARIA JOSÉ', '0503176828', 0.00, 10.00, 10.00, 10.00, 10.00, NULL, NULL, NULL, NULL, NULL, NULL, NULL, NULL, NULL),
('MOGRO BORJA MARIA FERNANDA', '0503199598', 0.00, 10.00, 10.00, 10.00, 10.00, NULL, NULL, NULL, NULL, NULL, NULL, NULL, NULL, NULL),
('CHICAIZA LEMA NELLY FABIOLA', '0503263279', 0.00, 10.00, 10.00, 10.00, 10.00, NULL, NULL, NULL, NULL, NULL, NULL, NULL, NULL, NULL),
('ALVIA MEDINA MONICA MARICELA', '0503263527', 0.00, 10.00, 10.00, 10.00, 10.00, NULL, NULL, NULL, NULL, NULL, NULL, NULL, NULL, NULL),
('UNAPUCHA TENORIO EDISON JAVIER', '0503289555', 5.00, 10.00, 10.00, 10.00, 10.00, NULL, NULL, NULL, NULL, NULL, NULL, NULL, NULL, NULL),
('GÓMEZ HOYOS PATRICIA CATHERINE', '0503345001', 0.00, 10.00, 10.00, 10.00, 10.00, NULL, NULL, NULL, NULL, NULL, NULL, NULL, NULL, NULL),
('ZAMBONINO VARGAS MARÍA ALEXANDRA', '0503377749', 0.00, 10.00, 10.00, 10.00, 10.00, NULL, NULL, NULL, NULL, NULL, NULL, NULL, NULL, NULL),
('CALVOPIÑA OSORIO JENNY PAOLA', '0503390239', 0.00, 10.00, 10.00, 10.00, 10.00, NULL, NULL, NULL, NULL, NULL, NULL, NULL, NULL, NULL),
('CARRERA TAPIA ROMEL DAVID ', '0503393258', 0.00, 10.00, 10.00, 10.00, 10.00, NULL, NULL, NULL, NULL, NULL, NULL, NULL, NULL, NULL),
('ARIAS PEREZ ANGEL XAVIER', '0503454811', 0.00, 10.00, 10.00, 10.00, 10.00, NULL, NULL, NULL, NULL, NULL, NULL, NULL, NULL, NULL),
('HALLO CARRASCO LUCY MONSERRATH', '0503578403', 0.00, 10.00, 10.00, 10.00, 10.00, NULL, NULL, NULL, NULL, NULL, NULL, NULL, NULL, NULL),
('ZAMBRANO PEÑAHERRERA ALEX OMAR', '0503782963', 0.00, 10.00, 10.00, 10.00, 10.00, NULL, NULL, NULL, NULL, NULL, NULL, NULL, NULL, NULL),
('ALBAN ZAMBRANO ROSA MABEL', '0503785727', 0.00, 10.00, 10.00, 10.00, 10.00, NULL, NULL, NULL, NULL, NULL, NULL, NULL, NULL, NULL),
('REYES SEGOVIA MERCEDES ELIZABETH', '0503861536', 0.00, 10.00, 10.00, 10.00, 10.00, NULL, NULL, NULL, NULL, NULL, NULL, NULL, NULL, NULL),
('PEÑAHERRERA VEINTIMILLA JESSICA LORENA', '0503990269', 0.00, 10.00, 10.00, 10.00, 10.00, NULL, NULL, NULL, NULL, NULL, NULL, NULL, NULL, NULL),
('VITERI BORJA MICHELLE ESTEFANÍA', '0504239294', 0.00, 10.00, 10.00, 10.00, 10.00, NULL, NULL, NULL, NULL, NULL, NULL, NULL, NULL, NULL),
('POZO JARA ELSA JACQUELINE', '0602151060', 0.00, 10.00, 10.00, 10.00, 10.00, NULL, NULL, NULL, NULL, NULL, NULL, NULL, NULL, NULL),
('CANDO CANDO GUADALUPE PATRICIA', '0602606832', 0.00, 10.00, 10.00, NULL, NULL, NULL, NULL, NULL, NULL, NULL, NULL, NULL, NULL, NULL),
('VILLA ZUMBA MIGUEL ANGEL', '0602664419', 0.00, 10.00, 10.00, 10.00, 10.00, NULL, NULL, NULL, NULL, NULL, NULL, NULL, NULL, NULL),
('AREVALO RODRIGUEZ ESTEBAN ANDRES', '0604248062', 0.00, 10.00, 10.00, 10.00, 10.00, NULL, NULL, NULL, NULL, NULL, NULL, NULL, NULL, NULL),
('JACOME GUERRERO PATRICIO SANTIAGO', '1001689791', 0.00, 10.00, 10.00, 10.00, 10.00, NULL, NULL, NULL, NULL, NULL, NULL, NULL, NULL, NULL),
('CARDENAS PÉREZ ALISVA DE LOS ANGELES', '1104169410', 0.00, 10.00, 10.00, 10.00, 10.00, NULL, NULL, NULL, NULL, NULL, NULL, NULL, NULL, NULL),
('MENA MENA LUIS ENRIQUE', '1204647596', 0.00, 10.00, 10.00, 10.00, 10.00, NULL, NULL, NULL, NULL, NULL, NULL, NULL, NULL, NULL),
('ZABALA CACERES EMMY SAMANTHA', '1500636889', 0.00, 10.00, 10.00, 10.00, 10.00, NULL, NULL, NULL, NULL, NULL, NULL, NULL, NULL, NULL),
('ALVAREZ SALAZAR FABIAN ARMANDO', '1706284880', 0.00, 10.00, 10.00, 10.00, 10.00, NULL, NULL, NULL, NULL, NULL, NULL, NULL, NULL, NULL),
('CABEZAS MEJIA EDISON DAMIAN', '1709435851', 5.00, 10.00, 10.00, 10.00, 10.00, NULL, NULL, NULL, NULL, NULL, NULL, NULL, NULL, NULL),
('MENA MENA EURO RODRIGO', '1712681046', 0.00, 10.00, 10.00, 10.00, 10.00, NULL, NULL, NULL, NULL, NULL, NULL, NULL, NULL, NULL),
('VELASCO GUERRA ANDREA ESTEFANÍA', '1714563283', 0.00, 10.00, 10.00, 10.00, 10.00, NULL, NULL, NULL, NULL, NULL, NULL, NULL, NULL, NULL),
('MOREIRA ROSALES LOURDES VIVIANA', '1716144603', 0.00, 10.00, 10.00, 10.00, 10.00, NULL, NULL, NULL, NULL, NULL, NULL, NULL, NULL, NULL),
('GUAMAN  GUAMAN SEGUNDO XAVIER', '1717282873', 0.00, 10.00, 10.00, 10.00, 10.00, NULL, NULL, NULL, NULL, NULL, NULL, NULL, NULL, NULL),
('JACOME GUEVARA FAUSTO ANDRES', '1717579609', 0.00, 10.00, 10.00, 10.00, 10.00, NULL, NULL, NULL, NULL, NULL, NULL, NULL, NULL, NULL),
('BAUTISTA ZURITA RODRIGO CRISTOBAL ', '1720240991', 0.00, 10.00, 10.00, 10.00, 10.00, NULL, NULL, NULL, NULL, NULL, NULL, NULL, NULL, NULL),
('CHANATAXI NACIMBA BRYAN JAVIER', '1722071055', 0.00, 10.00, 10.00, 10.00, 10.00, NULL, NULL, NULL, NULL, NULL, NULL, NULL, NULL, NULL),
('INCA YAJAMIN GABRIEL SEBASTIAN', '1722580329', 0.00, 10.00, 10.00, 10.00, 10.00, NULL, NULL, NULL, NULL, NULL, NULL, NULL, NULL, NULL),
('ARELLANO REYES MILTON ANDRES', '1723064513', 0.00, 10.00, 10.00, 10.00, 10.00, NULL, NULL, NULL, NULL, NULL, NULL, NULL, NULL, NULL),
('CAIZA FUEL JOSSELYN ALEJANDRA', '1723488506', 5.00, 10.00, 10.00, 10.00, 10.00, NULL, NULL, NULL, NULL, NULL, NULL, NULL, NULL, NULL),
('AGUILERA MONTALVAN LISSETH IVANOVA', '1723638035', 0.00, 10.00, 10.00, 10.00, 10.00, NULL, NULL, NULL, NULL, NULL, NULL, NULL, NULL, NULL),
('MASACHE ALMEIDA PAUL ANDRES', '1725785552', 0.00, 10.00, 10.00, 10.00, 10.00, NULL, NULL, NULL, NULL, NULL, NULL, NULL, NULL, NULL),
('GUEVARA JIMENEZ PAUL STALIN', '1753023272', 0.00, 10.00, 10.00, 10.00, 10.00, NULL, NULL, NULL, NULL, NULL, NULL, NULL, NULL, NULL),
('GONZALEZ RUIZ LUIS PATRICIO', '1801695691', 0.00, 10.00, 10.00, 10.00, 10.00, NULL, NULL, NULL, NULL, NULL, NULL, NULL, NULL, NULL),
('SILVA MONTEROS CARLOS MARCELO', '1801836360', 0.00, 10.00, 10.00, 10.00, 10.00, NULL, NULL, NULL, NULL, NULL, NULL, NULL, NULL, NULL),
('LOPEZ CHICO XIMENA DEL ROCIO', '1801894724', 0.00, 10.00, 10.00, 10.00, 10.00, NULL, NULL, NULL, NULL, NULL, NULL, NULL, NULL, NULL),
('FREIRE LLERENA WASHINGTON RODRIGO', '1801910884', 0.00, 10.00, 10.00, 10.00, 10.00, NULL, NULL, NULL, NULL, NULL, NULL, NULL, NULL, NULL),
('SILVA MONTEROS FRANKLIN MANUEL', '1801962125', 0.00, 10.00, 10.00, 10.00, 10.00, NULL, NULL, NULL, NULL, NULL, NULL, NULL, NULL, NULL),
('ROBAYO ESPIN ALICIA MARIANELA', '1802311710', 0.00, 10.00, 10.00, 10.00, 10.00, NULL, NULL, NULL, NULL, NULL, NULL, NULL, NULL, NULL),
('RIVAS LALALEO DAVID RAIMUNDO', '1802445302', 0.00, 10.00, 10.00, 10.00, 10.00, NULL, NULL, NULL, NULL, NULL, NULL, NULL, NULL, NULL),
('TRUJILLO SANCHEZ SERGIO FABRICIO', '1802535797', 0.00, 10.00, 10.00, 10.00, 10.00, NULL, NULL, NULL, NULL, NULL, NULL, NULL, NULL, NULL),
('PEREZ GUTIERREZ MILTON FABRICIO', '1802565711', 0.00, 10.00, 10.00, 10.00, 10.00, NULL, NULL, NULL, NULL, NULL, NULL, NULL, NULL, NULL),
('SAAVEDRA ACOSTA GALO ROBERTO', '1802731115', 0.00, 10.00, 10.00, 10.00, 10.00, NULL, NULL, NULL, NULL, NULL, NULL, NULL, NULL, NULL),
('TOALOMBO CAPUZ MARIA MAGDALENA', '1802817344', 0.00, 10.00, 10.00, 10.00, 10.00, NULL, NULL, NULL, NULL, NULL, NULL, NULL, NULL, NULL),
('AMORES RAMOS JULIO CESAR', '1802867356', 0.00, 10.00, 10.00, 10.00, 10.00, NULL, NULL, NULL, NULL, NULL, NULL, NULL, NULL, NULL),
('MORALES ORTIZ MARCIA JIMENA', '1803117223', 0.00, 10.00, 10.00, 10.00, 10.00, NULL, NULL, NULL, NULL, NULL, NULL, NULL, NULL, NULL),
('GALARZA BARRIONUEVO OMAR VINICIO', '1803238128', 0.00, 10.00, 10.00, 10.00, 10.00, NULL, NULL, NULL, NULL, NULL, NULL, NULL, NULL, NULL),
('URQUIZO VACA SANTIAGO RAFAEL', '1803243599', 0.00, 10.00, 10.00, 10.00, 10.00, NULL, NULL, NULL, NULL, NULL, NULL, NULL, NULL, NULL),
('MOSCOSO JURADO DAVID ESTUARDO', '1803393485', 0.00, 10.00, 10.00, 10.00, 10.00, NULL, NULL, NULL, NULL, NULL, NULL, NULL, NULL, NULL),
('CHANGO GALARZA MARIELA CRISTINA', '1803406493', 0.00, 10.00, 10.00, 10.00, 10.00, NULL, NULL, NULL, NULL, NULL, NULL, NULL, NULL, NULL),
('MOLINA SANCHEZ JOSE ISAAC', '1803752300', 0.00, 10.00, 10.00, 10.00, 10.00, NULL, NULL, NULL, NULL, NULL, NULL, NULL, NULL, NULL),
('CAICEDO ALTAMIRANO FERNANDO SEBASTIAN', '1803935020', 0.00, 10.00, 10.00, 10.00, 10.00, NULL, NULL, NULL, NULL, NULL, NULL, NULL, NULL, NULL),
('RAMOS JINEZ ALEX JAVIER', '1804326625', 0.00, 10.00, 10.00, 10.00, 10.00, NULL, NULL, NULL, NULL, NULL, NULL, NULL, NULL, NULL),
('SOLIS SANTAMARIA SANTIAGO ISAAC', '1804327144', 0.00, 10.00, 10.00, 10.00, 10.00, NULL, NULL, NULL, NULL, NULL, NULL, NULL, NULL, NULL),
('MOYA CASTILLO ERIKA VANESSA', '1804343653', 0.00, 10.00, 10.00, 10.00, 10.00, NULL, NULL, NULL, NULL, NULL, NULL, NULL, NULL, NULL),
('NAVAS MOYA MILTON PATRICIO', ' 0502029275', 0.00, 10.00, 10.00, NULL, NULL, NULL, NULL, NULL, NULL, NULL, NULL, NULL, NULL, NULL);

-- --------------------------------------------------------

--
-- Table structure for table `comprobantes_pago`
--

CREATE TABLE `comprobantes_pago` (
  `id` int(11) NOT NULL,
  `cedula` varchar(10) NOT NULL,
  `fecha_pago` datetime NOT NULL,
  `total` decimal(10,2) NOT NULL,
  `ingreso` decimal(10,2) DEFAULT 0.00,
  `meses_vencidos` text DEFAULT NULL,
  `meses_adelantados` text DEFAULT NULL,
  `numero_comprobante` int(11) NOT NULL,
  `observaciones` text DEFAULT NULL,
  `created_at` timestamp NOT NULL DEFAULT current_timestamp()
) ENGINE=InnoDB DEFAULT CHARSET=utf8mb4 COLLATE=utf8mb4_general_ci;

--
-- Dumping data for table `comprobantes_pago`
--

INSERT INTO `comprobantes_pago` (`id`, `cedula`, `fecha_pago`, `total`, `ingreso`, `meses_vencidos`, `meses_adelantados`, `numero_comprobante`, `observaciones`, `created_at`) VALUES
(51, '0503838781', '2025-04-30 01:26:38', 15.00, 5.00, 'dic_aa', '', 1, 'Pago', '2025-04-29 23:26:38'),
(52, '0503838781', '2025-04-30 01:35:28', 10.00, 0.00, 'enero', '', 2, NULL, '2025-04-29 23:35:28'),
(53, '0503838781', '2025-04-30 01:36:19', 25.00, 5.00, 'dic_aa, enero', '', 3, 'Pago', '2025-04-29 23:36:19'),
(54, '0503838781', '2025-04-30 01:36:32', 10.00, 0.00, 'febrero', '', 4, NULL, '2025-04-29 23:36:32'),
(55, '0503838781', '2025-04-30 01:39:15', 10.00, 0.00, 'marzo', '', 5, 'dadsa', '2025-04-29 23:39:15'),
(56, '0503838781', '2025-04-30 02:20:08', 10.00, 0.00, '', 'abril', 6, '', '2025-04-30 00:20:08'),
(57, '0503838781', '2025-05-15 22:53:11', 25.00, 5.00, 'dic_aa, enero', '', 7, 'Deposito', '2025-05-15 20:53:11'),
(58, '0503838781', '2025-05-15 22:53:41', 40.00, 0.00, '', 'febrero, marzo, abril, mayo', 8, 'comprobante', '2025-05-15 20:53:41'),
(59, '0503838781', '2025-05-15 22:54:35', 20.00, 0.00, '', 'junio, julio', 9, NULL, '2025-05-15 20:54:35');

-- --------------------------------------------------------

--
-- Table structure for table `cupossocios`
--

CREATE TABLE `cupossocios` (
  `cedula` varchar(20) NOT NULL,
  `nombrecompleto` varchar(100) NOT NULL,
  `cupo` decimal(10,2) NOT NULL DEFAULT 0.00
) ENGINE=InnoDB DEFAULT CHARSET=utf8mb4 COLLATE=utf8mb4_general_ci;

--
-- Dumping data for table `cupossocios`
--

INSERT INTO `cupossocios` (`cedula`, `nombrecompleto`, `cupo`) VALUES
(' 0502029275', 'NAVAS MOYA MILTON PATRICIO', 100.00),
('0400916516', 'DELGADO MONTENEGRO IBETH DE LOS ANGELES', 100.00),
('0401515192', 'ARCOS CASTILLO ROGELIO PAUL', 100.00),
('0501161251', 'GUANOLUISA MAIGUA JOSE NICOLAS', 100.00),
('0501284731', 'EGUEZ ARNALDO EFRAIN', 100.00),
('0501317663', 'MUÑOZ  ATIAGA DIEGO RAFAEL ', 100.00),
('0501355226', 'TOCA VELASCO SEGUNDO ANIBAL', 100.00),
('0501421051', 'CAICEDO ATIAGA FRANCISCO MARCELO', 100.00),
('0501432637', 'ERAZO LAVERDE WASHINGTON GERMAN', 100.00),
('0501442933', 'CHILUIZA JACHO LUIS ALFONSO', 100.00),
('0501443766', 'HERRERA GALVEZ SILVANA MADELINE', 100.00),
('0501498505', 'NARANJO HIDALGO CESAR ALFREDO', 100.00),
('0501503627', 'ALVARADO ESPINOSA LUIS FERNANDO', 100.00),
('0501510267', 'ACUÑA COELLO FAUSTO VINICIO', 100.00),
('0501514061', 'BORJA ALMEIDA LUIS GONZALO', 100.00),
('0501514244', 'BERRAZUETA OCAMPO MARIA DEL CARMEN ELVIRA', 100.00),
('0501515803', 'MEYTHALER NARANJO AMPARO DE LAS MERCEDES', 100.00),
('0501526560', 'BASSANTE LUZURIAGA MARCELO EDUARDO', 100.00),
('0501529952', 'CADENA CHAVEZ OSCAR MARCELO', 100.00),
('0501554737', 'SALAZAR PEÑA RAMIRO PATRICIO', 100.00),
('0501615371', 'MENA GARZÓN NARCISA DE JESUS', 100.00),
('0501645790', 'ESPINEL MENA GONZALO PATRICIO', 100.00),
('0501654156', 'BENAVIDES ECHEVERRIA IRALDA EUGENIA', 100.00),
('0501659791', 'LOZADA PAREDES MANUEL NORBERTO', 100.00),
('0501674949', 'ESTRELLA VACA CECILIA TATIANA', 100.00),
('0501690598', 'ANCHATUÑA JOSE PATRICIO', 100.00),
('0501704787', 'ACHIG ACHIG JUAN LEON', 100.00),
('0501747356', 'MORENO MORA VERONICA', 100.00),
('0501778765', 'MASAPANTA ROJAS SEGUNDO INOCENCIO', 100.00),
('0501805113', 'ACURIO MONTENEGRO CONSUELO DE LAS MERCEDES', 100.00),
('0501855712', 'GUTIERREZ ROMERO CARLA ESTEFANIA', 100.00),
('0501865752', 'MARIN DUEÑAS RITA DEL PILAR', 100.00),
('0501881825', 'GOMEZ GOMEZ GLADYS JANETH', 100.00),
('0501909071', 'TAPIA LEON JULIO CESAR', 100.00),
('0501915516', 'ACHIG ACHIG NESTOR RODRIGO', 100.00),
('0501963086', 'JACHO GUANOLUISA NANCY DEL PILAR', 100.00),
('0501964779', 'FLORES SARANGO ANA LUCIA', 100.00),
('0501970487', 'CORRAL DIAZ MARIA ALEXANDRA', 100.00),
('0501975742', 'ESTRELLA CEVALLOS  HAYDEE AMPARITO ', 100.00),
('0501989040', 'MAIGUA LEMA EVA ALICIA ', 100.00),
('0502001894', 'CARRILLO VARGAS CARMITA MARCELA', 100.00),
('0502046725', 'LEMA CERDA LUIS ALFONSO', 100.00),
('0502056179', 'MAYORGA SORIA PAULINA TATIANA', 100.00),
('0502065212', 'PLAZA CARRILLO SARITA JOHANA', 100.00),
('0502082068', 'MOLINA QUISHPE GALO GERMANICO', 100.00),
('0502132624', 'MONTENEGRO VALDIVIEZO VERONICA ELIZABETH', 100.00),
('0502139595', 'ALVAREZ IZURIETA CONSUELO VERONICA', 100.00),
('0502166135', 'ANDALUZ ESPINOSA DIEGO FERNANDO', 100.00),
('0502166796', 'MONTALUISA YUGLA FRANKLIN JAVIER', 100.00),
('0502229016', 'JIMENEZ MALLITASIG JOSE VICENTE', 100.00),
('0502301369', 'SALAZAR CUEVA MONICA ALEXANDRA', 100.00),
('0502307242', 'SALAZAR GRANDES MAYRA CECILIA', 100.00),
('0502307564', 'PILATASIG  PANCHI PABLO XAVIER', 100.00),
('0502308638', 'PROAÑO ESTRELLA JUAN CARLOS', 100.00),
('0502337181', 'PARREÑO OLMOS JOSE ALFREDO', 100.00),
('0502364037', 'PILATASIG PILATASIG SILVIA LORENA', 100.00),
('0502388937', 'SANDOVAL MORENO MARY JANETH', 100.00),
('0502399397', 'PROAÑO OLIVO MARIA FERNANDA', 100.00),
('0502411911', 'GARZON  RIVERA JENNY PAULINA', 100.00),
('0502419427', 'SALAZAR PULLOQUINGA JOSÉ LUIS', 100.00),
('0502424401', 'BALAREZO MOLINA EDISON PATRICIO', 100.00),
('0502445547', 'MUÑOZ GRANDES MILTON STALIN', 100.00),
('0502448236', 'AMORES  ENDARA FANNY KATHERINE ', 100.00),
('0502476914', 'VITERI ARIAS CRISTIAN SANTIAGO', 100.00),
('0502492341', 'SINCHIGUANO BASANTES WILSON PATRICIO', 100.00),
('0502520240', 'KURE MEJIA YADIRA VERONICA', 100.00),
('0502530447', 'CEVALLOS CARVAJAL ALEX SANTIAGO', 100.00),
('0502531460', 'MEYTHALER NARANJO JORGE EDUARDO', 100.00),
('0502563372', 'QUINATOA AREQUIPA EDWIN EDISON', 100.00),
('0502591340', 'CHANGO CANDO MILTON RODRIGO', 100.00),
('0502631294', 'HURTADO CAJAS MARIA EUGENIA', 100.00),
('0502631377', 'ESPINOSA JARAMILLO MARIA TERESA', 100.00),
('0502667298', 'DEFAZ TOAPANTA VERONICA ELIZABETH', 100.00),
('0502676976', 'BASANTES MOREANO LUIS FREDY', 100.00),
('0502744378', 'QUIÑONEZ BEDON MAYRA FERNANDA', 100.00),
('0502767254', 'CHASIQUIZA MOLINA EDWIN OSWALDO', 100.00),
('0502771314', 'ERAZO RODAS MAYRA JOHANNA', 100.00),
('0502779697', 'ALPUSIG CUICHAN SILVIA EMPERATRIZ', 100.00),
('0502837677', 'MATHEU ESPINOSA FRANCISCO XAVIER', 100.00),
('0502926884', 'MOLINA HERRERA JENNY CAROLINA', 100.00),
('0502928047', 'TORRES ESPIN ENMA MARIELY', 100.00),
('0502957954', 'GARCÍA  BUSTILLOS CLEMENCIA ALEJANDRA', 100.00),
('0502960594', 'LARA JACOME OSCAR RODRIGO', 100.00),
('0502965841', 'MALAVE DROUET SARA JANETH', 100.00),
('0502967052', 'CLAUDIO  CLAUDIO LICENIA MAGALY ', 100.00),
('0502993744', 'PULLOPAXI GUTIERREZ RUTH GERMANIA', 100.00),
('0503006454', 'CULQUI TIPAN JAVIER FERNANDO', 100.00),
('0503010555', 'CRUZ ARCOS GUILLERMO MAURICIO', 100.00),
('0503049488', 'TERAN HERRERA MARIA BELEN', 100.00),
('0503068660', 'ZURITA CAISAGUANO JONATHAN RAPHAEL', 100.00),
('0503078974', 'MORETA CHANGOLUIZA JANNETH ELIZABETH', 100.00),
('0503129751', 'TOBAR HERRERA DANIEL GUSTAVO', 100.00),
('0503159808', 'BUSTILLOS ESCOLA DIEGO ISRAEL', 100.00),
('0503176828', 'CAJAS ESPINOSA MARIA JOSÉ', 100.00),
('0503199598', 'MOGRO BORJA MARIA FERNANDA', 100.00),
('0503263279', 'CHICAIZA LEMA NELLY FABIOLA', 100.00),
('0503263527', 'ALVIA MEDINA MONICA MARICELA', 100.00),
('0503289555', 'UNAPUCHA TENORIO EDISON JAVIER', 100.00),
('0503345001', 'GÓMEZ HOYOS PATRICIA CATHERINE', 100.00),
('0503377749', 'ZAMBONINO VARGAS MARÍA ALEXANDRA', 100.00),
('0503390239', 'CALVOPIÑA OSORIO JENNY PAOLA', 100.00),
('0503393258', 'CARRERA TAPIA ROMEL DAVID ', 100.00),
('0503454811', 'ARIAS PEREZ ANGEL XAVIER', 100.00),
('0503578403', 'HALLO CARRASCO LUCY MONSERRATH', 100.00),
('0503782963', 'ZAMBRANO PEÑAHERRERA ALEX OMAR', 100.00),
('0503785727', 'ALBAN ZAMBRANO ROSA MABEL', 100.00),
('0503861536', 'REYES SEGOVIA MERCEDES ELIZABETH', 100.00),
('0503990269', 'PEÑAHERRERA VEINTIMILLA JESSICA LORENA', 100.00),
('0504239294', 'VITERI BORJA MICHELLE ESTEFANÍA', 100.00),
('0602151060', 'POZO JARA ELSA JACQUELINE', 100.00),
('0602606832', 'CANDO CANDO GUADALUPE PATRICIA', 100.00),
('0602664419', 'VILLA ZUMBA MIGUEL ANGEL', 100.00),
('0604248062', 'AREVALO RODRIGUEZ ESTEBAN ANDRES', 100.00),
('1001689791', 'JACOME GUERRERO PATRICIO SANTIAGO', 100.00),
('1104169410', 'CARDENAS PÉREZ ALISVA DE LOS ANGELES', 100.00),
('1204647596', 'MENA MENA LUIS ENRIQUE', 100.00),
('1500636889', 'ZABALA CACERES EMMY SAMANTHA', 100.00),
('1706284880', 'ALVAREZ SALAZAR FABIAN ARMANDO', 100.00),
('1709435851', 'CABEZAS MEJIA EDISON DAMIAN', 100.00),
('1712681046', 'MENA MENA EURO RODRIGO', 100.00),
('1714563283', 'VELASCO GUERRA ANDREA ESTEFANÍA', 100.00),
('1716144603', 'MOREIRA ROSALES LOURDES VIVIANA', 100.00),
('1717282873', 'GUAMAN  GUAMAN SEGUNDO XAVIER', 100.00),
('1717579609', 'JACOME GUEVARA FAUSTO ANDRES', 100.00),
('1720240991', 'BAUTISTA ZURITA RODRIGO CRISTOBAL ', 100.00),
('1722071055', 'CHANATAXI NACIMBA BRYAN JAVIER', 100.00),
('1722580329', 'INCA YAJAMIN GABRIEL SEBASTIAN', 100.00),
('1723064513', 'ARELLANO REYES MILTON ANDRES', 100.00),
('1723488506', 'CAIZA FUEL JOSSELYN ALEJANDRA', 100.00),
('1723638035', 'AGUILERA MONTALVAN LISSETH IVANOVA', 100.00),
('1725785552', 'MASACHE ALMEIDA PAUL ANDRES', 100.00),
('1753023272', 'GUEVARA JIMENEZ PAUL STALIN', 100.00),
('1801695691', 'GONZALEZ RUIZ LUIS PATRICIO', 100.00),
('1801836360', 'SILVA MONTEROS CARLOS MARCELO', 100.00),
('1801894724', 'LOPEZ CHICO XIMENA DEL ROCIO', 100.00),
('1801910884', 'FREIRE LLERENA WASHINGTON RODRIGO', 100.00),
('1801962125', 'SILVA MONTEROS FRANKLIN MANUEL', 100.00),
('1802311710', 'ROBAYO ESPIN ALICIA MARIANELA', 100.00),
('1802445302', 'RIVAS LALALEO DAVID RAIMUNDO', 100.00),
('1802535797', 'TRUJILLO SANCHEZ SERGIO FABRICIO', 100.00),
('1802565711', 'PEREZ GUTIERREZ MILTON FABRICIO', 100.00),
('1802731115', 'SAAVEDRA ACOSTA GALO ROBERTO', 100.00),
('1802817344', 'TOALOMBO CAPUZ MARIA MAGDALENA', 100.00),
('1802867356', 'AMORES RAMOS JULIO CESAR', 100.00),
('1803117223', 'MORALES ORTIZ MARCIA JIMENA', 100.00),
('1803238128', 'GALARZA BARRIONUEVO OMAR VINICIO', 100.00),
('1803243599', 'URQUIZO VACA SANTIAGO RAFAEL', 100.00),
('1803393485', 'MOSCOSO JURADO DAVID ESTUARDO', 100.00),
('1803406493', 'CHANGO GALARZA MARIELA CRISTINA', 100.00),
('1803752300', 'MOLINA SANCHEZ JOSE ISAAC', 100.00),
('1803935020', 'CAICEDO ALTAMIRANO FERNANDO SEBASTIAN', 100.00),
('1804326625', 'RAMOS JINEZ ALEX JAVIER', 100.00),
('1804327144', 'SOLIS SANTAMARIA SANTIAGO ISAAC', 100.00),
('1804343653', 'MOYA CASTILLO ERIKA VANESSA', 100.00);

-- --------------------------------------------------------

--
-- Table structure for table `historial_aportes`
--

CREATE TABLE `historial_aportes` (
  `id` int(11) NOT NULL,
  `cedula` varchar(20) DEFAULT NULL,
  `apellidos_y_nombres` varchar(255) DEFAULT NULL,
  `nuevos_ingresos` decimal(10,2) DEFAULT NULL,
  `dic_aa` decimal(10,2) DEFAULT NULL,
  `enero` decimal(10,2) DEFAULT NULL,
  `febrero` decimal(10,2) DEFAULT NULL,
  `marzo` decimal(10,2) DEFAULT NULL,
  `abril` decimal(10,2) DEFAULT NULL,
  `mayo` decimal(10,2) DEFAULT NULL,
  `junio` decimal(10,2) DEFAULT NULL,
  `julio` decimal(10,2) DEFAULT NULL,
  `agosto` decimal(10,2) DEFAULT NULL,
  `septiembre` decimal(10,2) DEFAULT NULL,
  `octubre` decimal(10,2) DEFAULT NULL,
  `noviembre` decimal(10,2) DEFAULT NULL,
  `anio_respaldo` int(11) DEFAULT NULL,
  `fecha_respaldo` datetime DEFAULT current_timestamp()
) ENGINE=InnoDB DEFAULT CHARSET=utf8mb4 COLLATE=utf8mb4_general_ci;

-- --------------------------------------------------------

--
-- Table structure for table `historial_carga_aportes`
--

CREATE TABLE `historial_carga_aportes` (
  `id` int(11) NOT NULL,
  `cedula` varchar(20) DEFAULT NULL,
  `nombre` varchar(100) DEFAULT NULL,
  `mes` varchar(20) DEFAULT NULL,
  `monto` decimal(10,2) DEFAULT NULL,
  `archivo` varchar(255) DEFAULT NULL,
  `fecha_registro` datetime DEFAULT current_timestamp()
) ENGINE=InnoDB DEFAULT CHARSET=utf8mb4 COLLATE=utf8mb4_general_ci;

--
-- Dumping data for table `historial_carga_aportes`
--

INSERT INTO `historial_carga_aportes` (`id`, `cedula`, `nombre`, `mes`, `monto`, `archivo`, `fecha_registro`) VALUES
(1059, '0501704787', 'ACHIG ACHIG JUAN LEON', 'abril', 10.00, 'prueba joel aportes desde matriz abril.csv', '2025-04-29 03:16:55'),
(1060, '0501915516', 'ACHIG ACHIG NESTOR RODRIGO', 'abril', 10.00, 'prueba joel aportes desde matriz abril.csv', '2025-04-29 03:16:55'),
(1061, '0501805113', 'ACURIO MONTENEGRO CONSUELO DE LAS MERCEDES', 'abril', 10.00, 'prueba joel aportes desde matriz abril.csv', '2025-04-29 03:16:55'),
(1062, '0501510267', 'ACUÑA COELLO FAUSTO VINICIO', 'abril', 10.00, 'prueba joel aportes desde matriz abril.csv', '2025-04-29 03:16:55'),
(1063, '1723638035', 'AGUILERA MONTALVAN LISSETH IVANOVA', 'abril', 10.00, 'prueba joel aportes desde matriz abril.csv', '2025-04-29 03:16:55'),
(1064, '0503785727', 'ALBAN ZAMBRANO ROSA MABEL', 'abril', 10.00, 'prueba joel aportes desde matriz abril.csv', '2025-04-29 03:16:55'),
(1065, '0502779697', 'ALPUSIG CUICHAN SILVIA EMPERATRIZ', 'abril', 10.00, 'prueba joel aportes desde matriz abril.csv', '2025-04-29 03:16:55'),
(1066, '0501503627', 'ALVARADO ESPINOSA LUIS FERNANDO', 'abril', 10.00, 'prueba joel aportes desde matriz abril.csv', '2025-04-29 03:16:55'),
(1067, '0502139595', 'ALVAREZ IZURIETA CONSUELO VERONICA', 'abril', 10.00, 'prueba joel aportes desde matriz abril.csv', '2025-04-29 03:16:55'),
(1068, '1706284880', 'ALVAREZ SALAZAR FABIAN ARMANDO', 'abril', 10.00, 'prueba joel aportes desde matriz abril.csv', '2025-04-29 03:16:55'),
(1069, '0503263527', 'ALVIA MEDINA MONICA MARICELA', 'abril', 10.00, 'prueba joel aportes desde matriz abril.csv', '2025-04-29 03:16:55'),
(1070, '0502448236', 'AMORES  ENDARA FANNY KATHERINE ', 'abril', 10.00, 'prueba joel aportes desde matriz abril.csv', '2025-04-29 03:16:55'),
(1071, '1802867356', 'AMORES RAMOS JULIO CESAR', 'abril', 10.00, 'prueba joel aportes desde matriz abril.csv', '2025-04-29 03:16:55'),
(1072, '0501690598', 'ANCHATUÑA JOSE PATRICIO', 'abril', 10.00, 'prueba joel aportes desde matriz abril.csv', '2025-04-29 03:16:55'),
(1073, '0502166135', 'ANDALUZ ESPINOSA DIEGO FERNANDO', 'abril', 10.00, 'prueba joel aportes desde matriz abril.csv', '2025-04-29 03:16:55'),
(1074, '0401515192', 'ARCOS CASTILLO ROGELIO PAUL', 'abril', 10.00, 'prueba joel aportes desde matriz abril.csv', '2025-04-29 03:16:55'),
(1075, '1723064513', 'ARELLANO REYES MILTON ANDRES', 'abril', 10.00, 'prueba joel aportes desde matriz abril.csv', '2025-04-29 03:16:55'),
(1076, '0604248062', 'AREVALO RODRIGUEZ ESTEBAN ANDRES', 'abril', 10.00, 'prueba joel aportes desde matriz abril.csv', '2025-04-29 03:16:55'),
(1077, '0503454811', 'ARIAS PEREZ ANGEL XAVIER', 'abril', 10.00, 'prueba joel aportes desde matriz abril.csv', '2025-04-29 03:16:55'),
(1078, '0502424401', 'BALAREZO MOLINA EDISON PATRICIO', 'abril', 10.00, 'prueba joel aportes desde matriz abril.csv', '2025-04-29 03:16:55'),
(1079, '0502676976', 'BASANTES MOREANO LUIS FREDY', 'abril', 10.00, 'prueba joel aportes desde matriz abril.csv', '2025-04-29 03:16:55'),
(1080, '0501526560', 'BASSANTE LUZURIAGA MARCELO EDUARDO', 'abril', 10.00, 'prueba joel aportes desde matriz abril.csv', '2025-04-29 03:16:55'),
(1081, '1720240991', 'BAUTISTA ZURITA RODRIGO CRISTOBAL ', 'abril', 10.00, 'prueba joel aportes desde matriz abril.csv', '2025-04-29 03:16:55'),
(1082, '0501654156', 'BENAVIDES ECHEVERRIA IRALDA EUGENIA', 'abril', 10.00, 'prueba joel aportes desde matriz abril.csv', '2025-04-29 03:16:55'),
(1083, '0501514244', 'BERRAZUETA OCAMPO MARIA DEL CARMEN ELVIRA', 'abril', 10.00, 'prueba joel aportes desde matriz abril.csv', '2025-04-29 03:16:55'),
(1084, '0501514061', 'BORJA ALMEIDA LUIS GONZALO', 'abril', 10.00, 'prueba joel aportes desde matriz abril.csv', '2025-04-29 03:16:55'),
(1085, '0503159808', 'BUSTILLOS ESCOLA DIEGO ISRAEL', 'abril', 10.00, 'prueba joel aportes desde matriz abril.csv', '2025-04-29 03:16:55'),
(1086, '0501529952', 'CADENA CHAVEZ OSCAR MARCELO', 'abril', 10.00, 'prueba joel aportes desde matriz abril.csv', '2025-04-29 03:16:55'),
(1087, '1803935020', 'CAICEDO ALTAMIRANO FERNANDO SEBASTIAN', 'abril', 10.00, 'prueba joel aportes desde matriz abril.csv', '2025-04-29 03:16:55'),
(1088, '0501421051', 'CAICEDO ATIAGA FRANCISCO MARCELO', 'abril', 10.00, 'prueba joel aportes desde matriz abril.csv', '2025-04-29 03:16:55'),
(1089, '1723488506', 'CAIZA FUEL JOSSELYN ALEJANDRA', 'abril', 10.00, 'prueba joel aportes desde matriz abril.csv', '2025-04-29 03:16:55'),
(1090, '0503176828', 'CAJAS ESPINOSA MARIA JOSÉ', 'abril', 10.00, 'prueba joel aportes desde matriz abril.csv', '2025-04-29 03:16:55'),
(1091, '0503390239', 'CALVOPIÑA OSORIO JENNY PAOLA', 'abril', 10.00, 'prueba joel aportes desde matriz abril.csv', '2025-04-29 03:16:55'),
(1092, '1104169410', 'CARDENAS PÉREZ ALISVA DE LOS ANGELES', 'abril', 10.00, 'prueba joel aportes desde matriz abril.csv', '2025-04-29 03:16:55'),
(1093, '0503393258', 'CARRERA TAPIA ROMEL DAVID ', 'abril', 10.00, 'prueba joel aportes desde matriz abril.csv', '2025-04-29 03:16:55'),
(1094, '0502001894', 'CARRILLO VARGAS CARMITA MARCELA', 'abril', 10.00, 'prueba joel aportes desde matriz abril.csv', '2025-04-29 03:16:55'),
(1095, '0502530447', 'CEVALLOS CARVAJAL ALEX SANTIAGO', 'abril', 10.00, 'prueba joel aportes desde matriz abril.csv', '2025-04-29 03:16:55'),
(1096, '1722071055', 'CHANATAXI NACIMBA BRYAN JAVIER', 'abril', 10.00, 'prueba joel aportes desde matriz abril.csv', '2025-04-29 03:16:55'),
(1097, '0502591340', 'CHANGO CANDO MILTON RODRIGO', 'abril', 10.00, 'prueba joel aportes desde matriz abril.csv', '2025-04-29 03:16:55'),
(1098, '1803406493', 'CHANGO GALARZA MARIELA CRISTINA', 'abril', 10.00, 'prueba joel aportes desde matriz abril.csv', '2025-04-29 03:16:55'),
(1099, '0502767254', 'CHASIQUIZA MOLINA EDWIN OSWALDO', 'abril', 10.00, 'prueba joel aportes desde matriz abril.csv', '2025-04-29 03:16:55'),
(1100, '0503263279', 'CHICAIZA LEMA NELLY FABIOLA', 'abril', 10.00, 'prueba joel aportes desde matriz abril.csv', '2025-04-29 03:16:55'),
(1101, '0501442933', 'CHILUIZA JACHO LUIS ALFONSO', 'abril', 10.00, 'prueba joel aportes desde matriz abril.csv', '2025-04-29 03:16:55'),
(1102, '0502967052', 'CLAUDIO  CLAUDIO LICENIA MAGALY ', 'abril', 10.00, 'prueba joel aportes desde matriz abril.csv', '2025-04-29 03:16:55'),
(1103, '0501970487', 'CORRAL DIAZ MARIA ALEXANDRA', 'abril', 10.00, 'prueba joel aportes desde matriz abril.csv', '2025-04-29 03:16:55'),
(1104, '0503010555', 'CRUZ ARCOS GUILLERMO MAURICIO', 'abril', 10.00, 'prueba joel aportes desde matriz abril.csv', '2025-04-29 03:16:55'),
(1105, '0503006454', 'CULQUI TIPAN JAVIER FERNANDO', 'abril', 10.00, 'prueba joel aportes desde matriz abril.csv', '2025-04-29 03:16:55'),
(1106, '0502667298', 'DEFAZ TOAPANTA VERONICA ELIZABETH', 'abril', 10.00, 'prueba joel aportes desde matriz abril.csv', '2025-04-29 03:16:55'),
(1107, '0501284731', 'EGUEZ ARNALDO EFRAIN', 'abril', 10.00, 'prueba joel aportes desde matriz abril.csv', '2025-04-29 03:16:55'),
(1108, '0501432637', 'ERAZO LAVERDE WASHINGTON GERMAN', 'abril', 10.00, 'prueba joel aportes desde matriz abril.csv', '2025-04-29 03:16:55'),
(1109, '0502771314', 'ERAZO RODAS MAYRA JOHANNA', 'abril', 10.00, 'prueba joel aportes desde matriz abril.csv', '2025-04-29 03:16:55'),
(1110, '0501645790', 'ESPINEL MENA GONZALO PATRICIO', 'abril', 10.00, 'prueba joel aportes desde matriz abril.csv', '2025-04-29 03:16:55'),
(1111, '0502631377', 'ESPINOSA JARAMILLO MARIA TERESA', 'abril', 10.00, 'prueba joel aportes desde matriz abril.csv', '2025-04-29 03:16:55'),
(1112, '0501975742', 'ESTRELLA CEVALLOS  HAYDEE AMPARITO ', 'abril', 10.00, 'prueba joel aportes desde matriz abril.csv', '2025-04-29 03:16:55'),
(1113, '0501674949', 'ESTRELLA VACA CECILIA TATIANA', 'abril', 10.00, 'prueba joel aportes desde matriz abril.csv', '2025-04-29 03:16:55'),
(1114, '0501964779', 'FLORES SARANGO ANA LUCIA', 'abril', 10.00, 'prueba joel aportes desde matriz abril.csv', '2025-04-29 03:16:55'),
(1115, '1801910884', 'FREIRE LLERENA WASHINGTON RODRIGO', 'abril', 10.00, 'prueba joel aportes desde matriz abril.csv', '2025-04-29 03:16:55'),
(1116, '1803238128', 'GALARZA BARRIONUEVO OMAR VINICIO', 'abril', 10.00, 'prueba joel aportes desde matriz abril.csv', '2025-04-29 03:16:55'),
(1117, '0502957954', 'GARCÍA  BUSTILLOS CLEMENCIA ALEJANDRA', 'abril', 10.00, 'prueba joel aportes desde matriz abril.csv', '2025-04-29 03:16:55'),
(1118, '0502411911', 'GARZON  RIVERA JENNY PAULINA', 'abril', 10.00, 'prueba joel aportes desde matriz abril.csv', '2025-04-29 03:16:55'),
(1119, '0501881825', 'GOMEZ GOMEZ GLADYS JANETH', 'abril', 10.00, 'prueba joel aportes desde matriz abril.csv', '2025-04-29 03:16:55'),
(1120, '0503345001', 'GÓMEZ HOYOS PATRICIA CATHERINE', 'abril', 10.00, 'prueba joel aportes desde matriz abril.csv', '2025-04-29 03:16:55'),
(1121, '1801695691', 'GONZALEZ RUIZ LUIS PATRICIO', 'abril', 10.00, 'prueba joel aportes desde matriz abril.csv', '2025-04-29 03:16:55'),
(1122, '1717282873', 'GUAMAN  GUAMAN SEGUNDO XAVIER', 'abril', 10.00, 'prueba joel aportes desde matriz abril.csv', '2025-04-29 03:16:55'),
(1123, '0501161251', 'GUANOLUISA MAIGUA JOSE NICOLAS', 'abril', 10.00, 'prueba joel aportes desde matriz abril.csv', '2025-04-29 03:16:55'),
(1124, '1753023272', 'GUEVARA JIMENEZ PAUL STALIN', 'abril', 10.00, 'prueba joel aportes desde matriz abril.csv', '2025-04-29 03:16:55'),
(1125, '0501855712', 'GUTIERREZ ROMERO CARLA ESTEFANIA', 'abril', 10.00, 'prueba joel aportes desde matriz abril.csv', '2025-04-29 03:16:55'),
(1126, '0503578403', 'HALLO CARRASCO LUCY MONSERRATH', 'abril', 10.00, 'prueba joel aportes desde matriz abril.csv', '2025-04-29 03:16:55'),
(1127, '0501443766', 'HERRERA GALVEZ SILVANA MADELINE', 'abril', 10.00, 'prueba joel aportes desde matriz abril.csv', '2025-04-29 03:16:55'),
(1128, '0502631294', 'HURTADO CAJAS MARIA EUGENIA', 'abril', 10.00, 'prueba joel aportes desde matriz abril.csv', '2025-04-29 03:16:55'),
(1129, '1722580329', 'INCA YAJAMIN GABRIEL SEBASTIAN', 'abril', 10.00, 'prueba joel aportes desde matriz abril.csv', '2025-04-29 03:16:55'),
(1130, '0501963086', 'JACHO GUANOLUISA NANCY DEL PILAR', 'abril', 10.00, 'prueba joel aportes desde matriz abril.csv', '2025-04-29 03:16:55'),
(1131, '1001689791', 'JACOME GUERRERO PATRICIO SANTIAGO', 'abril', 10.00, 'prueba joel aportes desde matriz abril.csv', '2025-04-29 03:16:55'),
(1132, '1717579609', 'JACOME GUEVARA FAUSTO ANDRES', 'abril', 10.00, 'prueba joel aportes desde matriz abril.csv', '2025-04-29 03:16:55'),
(1133, '0502229016', 'JIMENEZ MALLITASIG JOSE VICENTE', 'abril', 10.00, 'prueba joel aportes desde matriz abril.csv', '2025-04-29 03:16:55'),
(1134, '0502520240', 'KURE MEJIA YADIRA VERONICA', 'abril', 10.00, 'prueba joel aportes desde matriz abril.csv', '2025-04-29 03:16:55'),
(1135, '0502960594', 'LARA JACOME OSCAR RODRIGO', 'abril', 10.00, 'prueba joel aportes desde matriz abril.csv', '2025-04-29 03:16:55'),
(1136, '0502046725', 'LEMA CERDA LUIS ALFONSO', 'abril', 10.00, 'prueba joel aportes desde matriz abril.csv', '2025-04-29 03:16:55'),
(1137, '1801894724', 'LOPEZ CHICO XIMENA DEL ROCIO', 'abril', 10.00, 'prueba joel aportes desde matriz abril.csv', '2025-04-29 03:16:55'),
(1138, '0501659791', 'LOZADA PAREDES MANUEL NORBERTO', 'abril', 10.00, 'prueba joel aportes desde matriz abril.csv', '2025-04-29 03:16:55'),
(1139, '0501989040', 'MAIGUA LEMA EVA ALICIA ', 'abril', 10.00, 'prueba joel aportes desde matriz abril.csv', '2025-04-29 03:16:55'),
(1140, '0502965841', 'MALAVE DROUET SARA JANETH', 'abril', 10.00, 'prueba joel aportes desde matriz abril.csv', '2025-04-29 03:16:55'),
(1141, '0501865752', 'MARIN DUEÑAS RITA DEL PILAR', 'abril', 10.00, 'prueba joel aportes desde matriz abril.csv', '2025-04-29 03:16:55'),
(1142, '1725785552', 'MASACHE ALMEIDA PAUL ANDRES', 'abril', 10.00, 'prueba joel aportes desde matriz abril.csv', '2025-04-29 03:16:55'),
(1143, '0501778765', 'MASAPANTA ROJAS SEGUNDO INOCENCIO', 'abril', 10.00, 'prueba joel aportes desde matriz abril.csv', '2025-04-29 03:16:55'),
(1144, '0502837677', 'MATHEU ESPINOSA FRANCISCO XAVIER', 'abril', 10.00, 'prueba joel aportes desde matriz abril.csv', '2025-04-29 03:16:55'),
(1145, '0502056179', 'MAYORGA SORIA PAULINA TATIANA', 'abril', 10.00, 'prueba joel aportes desde matriz abril.csv', '2025-04-29 03:16:55'),
(1146, '0501615371', 'MENA GARZÓN NARCISA DE JESUS', 'abril', 10.00, 'prueba joel aportes desde matriz abril.csv', '2025-04-29 03:16:55'),
(1147, '1712681046', 'MENA MENA EURO RODRIGO', 'abril', 10.00, 'prueba joel aportes desde matriz abril.csv', '2025-04-29 03:16:55'),
(1148, '1204647596', 'MENA MENA LUIS ENRIQUE', 'abril', 10.00, 'prueba joel aportes desde matriz abril.csv', '2025-04-29 03:16:55'),
(1149, '0501515803', 'MEYTHALER NARANJO AMPARO DE LAS MERCEDES', 'abril', 10.00, 'prueba joel aportes desde matriz abril.csv', '2025-04-29 03:16:55'),
(1150, '0502531460', 'MEYTHALER NARANJO JORGE EDUARDO', 'abril', 10.00, 'prueba joel aportes desde matriz abril.csv', '2025-04-29 03:16:55'),
(1151, '0503199598', 'MOGRO BORJA MARIA FERNANDA', 'abril', 10.00, 'prueba joel aportes desde matriz abril.csv', '2025-04-29 03:16:55'),
(1152, '0502926884', 'MOLINA HERRERA JENNY CAROLINA', 'abril', 10.00, 'prueba joel aportes desde matriz abril.csv', '2025-04-29 03:16:55'),
(1153, '0502082068', 'MOLINA QUISHPE GALO GERMANICO', 'abril', 10.00, 'prueba joel aportes desde matriz abril.csv', '2025-04-29 03:16:55'),
(1154, '1803752300', 'MOLINA SANCHEZ JOSE ISAAC', 'abril', 10.00, 'prueba joel aportes desde matriz abril.csv', '2025-04-29 03:16:55'),
(1155, '0502166796', 'MONTALUISA YUGLA FRANKLIN JAVIER', 'abril', 10.00, 'prueba joel aportes desde matriz abril.csv', '2025-04-29 03:16:55'),
(1156, '0502132624', 'MONTENEGRO VALDIVIEZO VERONICA ELIZABETH', 'abril', 10.00, 'prueba joel aportes desde matriz abril.csv', '2025-04-29 03:16:55'),
(1157, '1803117223', 'MORALES ORTIZ MARCIA JIMENA', 'abril', 10.00, 'prueba joel aportes desde matriz abril.csv', '2025-04-29 03:16:55'),
(1158, '1716144603', 'MOREIRA ROSALES LOURDES VIVIANA', 'abril', 10.00, 'prueba joel aportes desde matriz abril.csv', '2025-04-29 03:16:55'),
(1159, '0501747356', 'MORENO MORA VERONICA', 'abril', 10.00, 'prueba joel aportes desde matriz abril.csv', '2025-04-29 03:16:55'),
(1160, '0503078974', 'MORETA CHANGOLUIZA JANNETH ELIZABETH', 'abril', 10.00, 'prueba joel aportes desde matriz abril.csv', '2025-04-29 03:16:55'),
(1161, '1803393485', 'MOSCOSO JURADO DAVID ESTUARDO', 'abril', 10.00, 'prueba joel aportes desde matriz abril.csv', '2025-04-29 03:16:55'),
(1162, '1804343653', 'MOYA CASTILLO ERIKA VANESSA', 'abril', 10.00, 'prueba joel aportes desde matriz abril.csv', '2025-04-29 03:16:55'),
(1163, '0501317663', 'MUÑOZ  ATIAGA DIEGO RAFAEL ', 'abril', 10.00, 'prueba joel aportes desde matriz abril.csv', '2025-04-29 03:16:55'),
(1164, '0502445547', 'MUÑOZ GRANDES MILTON STALIN', 'abril', 10.00, 'prueba joel aportes desde matriz abril.csv', '2025-04-29 03:16:55'),
(1165, '0501498505', 'NARANJO HIDALGO CESAR ALFREDO', 'abril', 10.00, 'prueba joel aportes desde matriz abril.csv', '2025-04-29 03:16:55'),
(1166, '0502337181', 'PARREÑO OLMOS JOSE ALFREDO', 'abril', 10.00, 'prueba joel aportes desde matriz abril.csv', '2025-04-29 03:16:55'),
(1167, '1802565711', 'PEREZ GUTIERREZ MILTON FABRICIO', 'abril', 10.00, 'prueba joel aportes desde matriz abril.csv', '2025-04-29 03:16:55'),
(1168, '0503990269', 'PEÑAHERRERA VEINTIMILLA JESSICA LORENA', 'abril', 10.00, 'prueba joel aportes desde matriz abril.csv', '2025-04-29 03:16:55'),
(1169, '0502307564', 'PILATASIG  PANCHI PABLO XAVIER', 'abril', 10.00, 'prueba joel aportes desde matriz abril.csv', '2025-04-29 03:16:55'),
(1170, '0502364037', 'PILATASIG PILATASIG SILVIA LORENA', 'abril', 10.00, 'prueba joel aportes desde matriz abril.csv', '2025-04-29 03:16:55'),
(1171, '0502065212', 'PLAZA CARRILLO SARITA JOHANA', 'abril', 10.00, 'prueba joel aportes desde matriz abril.csv', '2025-04-29 03:16:55'),
(1172, '0602151060', 'POZO JARA ELSA JACQUELINE', 'abril', 10.00, 'prueba joel aportes desde matriz abril.csv', '2025-04-29 03:16:55'),
(1173, '0502308638', 'PROAÑO ESTRELLA JUAN CARLOS', 'abril', 10.00, 'prueba joel aportes desde matriz abril.csv', '2025-04-29 03:16:55'),
(1174, '0502399397', 'PROAÑO OLIVO MARIA FERNANDA', 'abril', 10.00, 'prueba joel aportes desde matriz abril.csv', '2025-04-29 03:16:55'),
(1175, '0502993744', 'PULLOPAXI GUTIERREZ RUTH GERMANIA', 'abril', 10.00, 'prueba joel aportes desde matriz abril.csv', '2025-04-29 03:16:55'),
(1176, '0502563372', 'QUINATOA AREQUIPA EDWIN EDISON', 'abril', 10.00, 'prueba joel aportes desde matriz abril.csv', '2025-04-29 03:16:55'),
(1177, '0502744378', 'QUIÑONEZ BEDON MAYRA FERNANDA', 'abril', 10.00, 'prueba joel aportes desde matriz abril.csv', '2025-04-29 03:16:55'),
(1178, '1804326625', 'RAMOS JINEZ ALEX JAVIER', 'abril', 10.00, 'prueba joel aportes desde matriz abril.csv', '2025-04-29 03:16:55'),
(1179, '0503861536', 'REYES SEGOVIA MERCEDES ELIZABETH', 'abril', 10.00, 'prueba joel aportes desde matriz abril.csv', '2025-04-29 03:16:55'),
(1180, '1802445302', 'RIVAS LALALEO DAVID RAIMUNDO', 'abril', 10.00, 'prueba joel aportes desde matriz abril.csv', '2025-04-29 03:16:55'),
(1181, '1802311710', 'ROBAYO ESPIN ALICIA MARIANELA', 'abril', 10.00, 'prueba joel aportes desde matriz abril.csv', '2025-04-29 03:16:55'),
(1182, '1802731115', 'SAAVEDRA ACOSTA GALO ROBERTO', 'abril', 10.00, 'prueba joel aportes desde matriz abril.csv', '2025-04-29 03:16:55'),
(1183, '0502301369', 'SALAZAR CUEVA MONICA ALEXANDRA', 'abril', 10.00, 'prueba joel aportes desde matriz abril.csv', '2025-04-29 03:16:55'),
(1184, '0502301369', 'SALAZAR CUEVA MONICA ALEXANDRA', 'mayo', 10.00, 'prueba joel aportes desde matriz abril.csv', '2025-04-29 03:16:55'),
(1185, '0502307242', 'SALAZAR GRANDES MAYRA CECILIA', 'abril', 10.00, 'prueba joel aportes desde matriz abril.csv', '2025-04-29 03:16:55'),
(1186, '0501554737', 'SALAZAR PEÑA RAMIRO PATRICIO', 'abril', 10.00, 'prueba joel aportes desde matriz abril.csv', '2025-04-29 03:16:55'),
(1187, '0502419427', 'SALAZAR PULLOQUINGA JOSÉ LUIS', 'abril', 10.00, 'prueba joel aportes desde matriz abril.csv', '2025-04-29 03:16:55'),
(1188, '0502388937', 'SANDOVAL MORENO MARY JANETH', 'abril', 10.00, 'prueba joel aportes desde matriz abril.csv', '2025-04-29 03:16:55'),
(1189, '1801836360', 'SILVA MONTEROS CARLOS MARCELO', 'abril', 10.00, 'prueba joel aportes desde matriz abril.csv', '2025-04-29 03:16:55'),
(1190, '1801962125', 'SILVA MONTEROS FRANKLIN MANUEL', 'abril', 10.00, 'prueba joel aportes desde matriz abril.csv', '2025-04-29 03:16:55'),
(1191, '0502492341', 'SINCHIGUANO BASANTES WILSON PATRICIO', 'abril', 10.00, 'prueba joel aportes desde matriz abril.csv', '2025-04-29 03:16:55'),
(1192, '1804327144', 'SOLIS SANTAMARIA SANTIAGO ISAAC', 'abril', 10.00, 'prueba joel aportes desde matriz abril.csv', '2025-04-29 03:16:55'),
(1193, '0501909071', 'TAPIA LEON JULIO CESAR', 'abril', 10.00, 'prueba joel aportes desde matriz abril.csv', '2025-04-29 03:16:55'),
(1194, '0503049488', 'TERAN HERRERA MARIA BELEN', 'abril', 10.00, 'prueba joel aportes desde matriz abril.csv', '2025-04-29 03:16:55'),
(1195, '1802817344', 'TOALOMBO CAPUZ MARIA MAGDALENA', 'abril', 10.00, 'prueba joel aportes desde matriz abril.csv', '2025-04-29 03:16:55'),
(1196, '0503129751', 'TOBAR HERRERA DANIEL GUSTAVO', 'abril', 10.00, 'prueba joel aportes desde matriz abril.csv', '2025-04-29 03:16:55'),
(1197, '0501355226', 'TOCA VELASCO SEGUNDO ANIBAL', 'abril', 10.00, 'prueba joel aportes desde matriz abril.csv', '2025-04-29 03:16:55'),
(1198, '0502928047', 'TORRES ESPIN ENMA MARIELY', 'abril', 10.00, 'prueba joel aportes desde matriz abril.csv', '2025-04-29 03:16:55'),
(1199, '1802535797', 'TRUJILLO SANCHEZ SERGIO FABRICIO', 'abril', 10.00, 'prueba joel aportes desde matriz abril.csv', '2025-04-29 03:16:55'),
(1200, '0503289555', 'UNAPUCHA TENORIO EDISON JAVIER', 'abril', 10.00, 'prueba joel aportes desde matriz abril.csv', '2025-04-29 03:16:55'),
(1201, '1803243599', 'URQUIZO VACA SANTIAGO RAFAEL', 'abril', 10.00, 'prueba joel aportes desde matriz abril.csv', '2025-04-29 03:16:55'),
(1202, '1714563283', 'VELASCO GUERRA ANDREA ESTEFANÍA', 'abril', 10.00, 'prueba joel aportes desde matriz abril.csv', '2025-04-29 03:16:55'),
(1203, '0602664419', 'VILLA ZUMBA MIGUEL ANGEL', 'abril', 10.00, 'prueba joel aportes desde matriz abril.csv', '2025-04-29 03:16:55'),
(1204, '0502476914', 'VITERI ARIAS CRISTIAN SANTIAGO', 'abril', 10.00, 'prueba joel aportes desde matriz abril.csv', '2025-04-29 03:16:55'),
(1205, '0504239294', 'VITERI BORJA MICHELLE ESTEFANÍA', 'abril', 10.00, 'prueba joel aportes desde matriz abril.csv', '2025-04-29 03:16:55'),
(1206, '1500636889', 'ZABALA CACERES EMMY SAMANTHA', 'abril', 10.00, 'prueba joel aportes desde matriz abril.csv', '2025-04-29 03:16:55'),
(1207, '0503377749', 'ZAMBONINO VARGAS MARÍA ALEXANDRA', 'abril', 10.00, 'prueba joel aportes desde matriz abril.csv', '2025-04-29 03:16:55'),
(1208, '0503782963', 'ZAMBRANO PEÑAHERRERA ALEX OMAR', 'abril', 10.00, 'prueba joel aportes desde matriz abril.csv', '2025-04-29 03:16:55'),
(1209, '0503068660', 'ZURITA CAISAGUANO JONATHAN RAPHAEL', 'abril', 10.00, 'prueba joel aportes desde matriz abril.csv', '2025-04-29 03:16:55');

-- --------------------------------------------------------

--
-- Table structure for table `historial_eliminaciones`
--

CREATE TABLE `historial_eliminaciones` (
  `id` int(11) NOT NULL,
  `cedula` varchar(15) NOT NULL,
  `nombre_completo` varchar(255) NOT NULL,
  `fecha_afiliacion` date NOT NULL,
  `motivo` text NOT NULL,
  `fecha_eliminacion` timestamp NOT NULL DEFAULT current_timestamp()
) ENGINE=InnoDB DEFAULT CHARSET=utf8mb4 COLLATE=utf8mb4_general_ci;

--
-- Dumping data for table `historial_eliminaciones`
--

INSERT INTO `historial_eliminaciones` (`id`, `cedula`, `nombre_completo`, `fecha_afiliacion`, `motivo`, `fecha_eliminacion`) VALUES
(34, '0503838781', 'TAIPICAÑA ROCHA JOEL ALEJANDRO', '2025-04-11', 'dww', '2025-04-29 23:35:53'),
(35, '0503838781', 'TAIPICAÑA ROCHA JOEL ALEJANDRO', '2025-04-04', 'SSSS', '2025-05-15 20:52:05'),
(36, '0503838781', 'TAIPICAÑA ROCHA JOEL ALEJANDRO', '2025-05-09', 'lllll', '2025-06-06 14:53:44'),
(37, '0503838781', 'TAIPICAÑA ROCHA JOEL ALEJANDRO', '2025-06-05', 'JAJAJA', '2025-07-11 02:52:18');

-- --------------------------------------------------------

--
-- Table structure for table `iniciosesion`
--

CREATE TABLE `iniciosesion` (
  `cedula` varchar(15) NOT NULL,
  `contrasena` varchar(20) DEFAULT NULL
) ENGINE=InnoDB DEFAULT CHARSET=utf8mb4 COLLATE=utf8mb4_general_ci;

--
-- Dumping data for table `iniciosesion`
--

INSERT INTO `iniciosesion` (`cedula`, `contrasena`) VALUES
('0400916516', 'BELISARIO'),
('0401515192', 'BELISARIO'),
('0501161251', 'CENTRO'),
('0501284731', 'CENTRO'),
('0501317663', 'CENTRO'),
('0501355226', 'CENTRO'),
('0501421051', 'BELISARIO'),
('0501432637', 'BELISARIO'),
('0501442933', 'CENTRO'),
('0501443766', 'BELISARIO'),
('0501498505', 'BELISARIO'),
('0501503627', 'CENTRO'),
('0501510267', 'CENTRO'),
('0501514061', 'BELISARIO'),
('0501514244', 'CENTRO'),
('0501515803', 'BELISARIO'),
('0501526560', 'CENTRO'),
('0501529952', 'CENTRO'),
('0501554737', 'CENTRO'),
('0501615371', 'BELISARIO'),
('0501645790', 'BELISARIO'),
('0501654156', 'CENTRO'),
('0501659791', 'CENTRO'),
('0501674949', 'BELISARIO'),
('0501690598', 'CENTRO'),
('0501704787', 'CENTRO'),
('0501747356', 'CENTRO'),
('0501778765', 'CENTRO'),
('0501805113', 'CENTRO'),
('0501855712', 'BELISARIO'),
('0501865752', 'CENTRO'),
('0501881825', 'CENTRO'),
('0501909071', 'CENTRO'),
('0501915516', 'CENTRO'),
('0501963086', 'BELISARIO'),
('0501964779', 'BELISARIO'),
('0501970487', 'BELISARIO'),
('0501975742', 'BELISARIO'),
('0501989040', 'CENTRO'),
('0502001894', 'CENTRO'),
('0502029275', 'BELISARIO'),
('0502046725', 'CENTRO'),
('0502056179', 'BELISARIO'),
('0502065212', 'CENTRO'),
('0502082068', 'CENTRO'),
('0502132624', 'CENTRO'),
('0502139595', 'BELISARIO'),
('0502166135', 'BELISARIO'),
('0502166796', 'BELISARIO'),
('0502229016', 'CENTRO'),
('0502301369', 'CENTRO'),
('0502307242', 'BELISARIO'),
('0502307564', 'BELISARIO'),
('0502308638', 'CENTRO'),
('0502337181', 'BELISARIO'),
('0502364037', 'CENTRO'),
('0502388937', 'BELISARIO'),
('0502399397', 'BELISARIO'),
('0502411911', 'CENTRO'),
('0502419427', 'CENTRO'),
('0502424401', 'CENTRO'),
('0502445547', 'BELISARIO'),
('0502448236', 'CENTRO'),
('0502476914', 'BELISARIO'),
('0502492341', 'CENTRO'),
('0502520240', 'CENTRO'),
('0502530447', 'BELISARIO'),
('0502531460', 'BELISARIO'),
('0502563372', 'BELISARIO'),
('0502591340', 'CENTRO'),
('0502631294', 'BELISARIO'),
('0502631377', 'CENTRO'),
('0502667298', 'CENTRO'),
('0502676976', 'BELISARIO'),
('0502744378', 'CENTRO'),
('0502767254', 'BELISARIO'),
('0502771314', 'BELISARIO'),
('0502779697', 'BELISARIO'),
('0502837677', 'CENTRO'),
('0502926884', 'CENTRO'),
('0502928047', 'CENTRO'),
('0502957954', 'CENTRO'),
('0502960594', 'BELISARIO'),
('0502965841', 'CENTRO'),
('0502967052', 'BELISARIO'),
('0502993744', 'CENTRO'),
('0503006454', 'BELISARIO'),
('0503010555', 'BELISARIO'),
('0503049488', 'CENTRO'),
('0503068660', 'BELISARIO'),
('0503078974', 'BELISARIO'),
('0503129751', 'CENTRO'),
('0503159808', 'BELISARIO'),
('0503176828', 'CENTRO'),
('0503199598', 'BELISARIO'),
('0503263279', 'CENTRO'),
('0503263527', 'BELISARIO'),
('0503289555', 'CENTRO'),
('0503345001', 'BELISARIO'),
('0503377749', 'BELISARIO'),
('0503390239', 'BELISARIO'),
('0503393258', 'BELISARIO'),
('0503454811', 'BELISARIO'),
('0503578403', 'CENTRO'),
('0503782963', 'BELISARIO'),
('0503785727', 'CENTRO'),
('0503838781', 'CENTRO'),
('0503861536', 'CENTRO'),
('0503990269', 'BELISARIO'),
('0504239294', 'CENTRO'),
('0602151060', 'BELISARIO'),
('0602606832', 'CENTRO'),
('0602664419', 'BELISARIO'),
('0604248062', 'BELISARIO'),
('1001689791', 'BELISARIO'),
('1104169410', 'CENTRO'),
('1204647596', 'BELISARIO'),
('1500636889', 'BELISARIO'),
('1706284880', 'BELISARIO'),
('1709435851', 'CENTRO'),
('1712681046', 'BELISARIO'),
('1714563283', 'CENTRO'),
('1716144603', 'BELISARIO'),
('1717282873', 'CENTRO'),
('1717579609', 'BELISARIO'),
('1720240991', 'BELISARIO'),
('1722071055', 'BELISARIO'),
('1722580329', 'BELISARIO'),
('1723064513', 'BELISARIO'),
('1723488506', 'BELISARIO'),
('1723638035', 'CENTRO'),
('1725785552', 'BELISARIO'),
('1753023272', 'CENTRO'),
('1801695691', 'CENTRO'),
('1801836360', 'BELISARIO'),
('1801894724', 'BELISARIO'),
('1801910884', 'BELISARIO'),
('1801962125', 'BELISARIO'),
('1802311710', 'BELISARIO'),
('1802445302', 'BELISARIO'),
('1802535797', 'BELISARIO'),
('1802565711', 'BELISARIO'),
('1802731115', 'CENTRO'),
('1802817344', 'CENTRO'),
('1802867356', 'CENTRO'),
('1803117223', 'BELISARIO'),
('1803238128', 'BELISARIO'),
('1803243599', 'CENTRO'),
('1803393485', 'CENTRO'),
('1803406493', 'CENTRO'),
('1803752300', 'BELISARIO'),
('1803935020', 'BELISARIO'),
('1804326625', 'BELISARIO'),
('1804327144', 'BELISARIO'),
('1804343653', 'BELISARIO');

-- --------------------------------------------------------

--
-- Table structure for table `noticias`
--

CREATE TABLE `noticias` (
  `id` int(11) NOT NULL,
  `titulo` varchar(255) DEFAULT NULL,
  `contenido` text DEFAULT NULL,
  `categoria` varchar(50) DEFAULT NULL,
  `fecha` date DEFAULT NULL,
  `imagen` varchar(255) DEFAULT NULL
) ENGINE=InnoDB DEFAULT CHARSET=utf8mb4 COLLATE=utf8mb4_general_ci;

-- --------------------------------------------------------

--
-- Table structure for table `socios`
--

CREATE TABLE `socios` (
  `apellidos_nombres` varchar(255) DEFAULT NULL,
  `campus` varchar(50) DEFAULT NULL,
  `genero` char(1) DEFAULT NULL,
  `regimen` varchar(50) DEFAULT NULL,
  `celular` varchar(15) DEFAULT NULL,
  `cedula` varchar(15) NOT NULL,
  `rol` varchar(20) DEFAULT NULL,
  `cargo` varchar(255) DEFAULT NULL,
  `direccion` varchar(255) DEFAULT NULL,
  `fecha_afiliacion` date DEFAULT NULL,
  `documento_pdf` varchar(255) DEFAULT NULL,
  `observaciones` text DEFAULT NULL,
  `correo` varchar(30) DEFAULT NULL,
  `tipo_usuario` enum('nuevo','adherente','fundador') DEFAULT 'nuevo'
) ENGINE=InnoDB DEFAULT CHARSET=utf8mb4 COLLATE=utf8mb4_general_ci;

--
-- Dumping data for table `socios`
--

INSERT INTO `socios` (`apellidos_nombres`, `campus`, `genero`, `regimen`, `celular`, `cedula`, `rol`, `cargo`, `direccion`, `fecha_afiliacion`, `documento_pdf`, `observaciones`, `correo`, `tipo_usuario`) VALUES
('DELGADO MONTENEGRO IBETH DE LOS ANGELES', 'BELISARIO', 'F', 'DOCENTE', '0998226774', '0400916516', 'socio', NULL, NULL, NULL, NULL, NULL, 'iadelgado@espe.edu.ec', 'adherente'),
('ARCOS CASTILLO ROGELIO PAUL', 'BELISARIO', 'M', 'DOCENTE', '0997845611', '0401515192', 'socio', NULL, NULL, NULL, NULL, NULL, 'rparcos@espe.edu.ec', 'adherente'),
('GUANOLUISA MAIGUA JOSE NICOLAS', 'CENTRO', 'M', 'TRABAJADOR PUBLICO', '0987291133', '0501161251', 'socio', NULL, NULL, NULL, NULL, NULL, 'jnguanoluisa@espe.edu.ec', 'adherente'),
('EGUEZ ARNALDO EFRAIN', 'CENTRO', 'M', 'TRABAJADOR PUBLICO', '0964154920', '0501284731', 'socio', NULL, NULL, NULL, NULL, NULL, 'aeeguez@espe.edu.ec', 'adherente'),
('MUÑOZ  ATIAGA DIEGO RAFAEL ', 'CENTRO', 'M', 'DOCENTE', '0998528041', '0501317663', 'socio', 'DOCENTE', 'CIUDADELA EL BOSQUE, CASA N.9 MANZANA 11', '2024-07-01', NULL, NULL, 'drmunoz1@espe.edu.ec', 'fundador'),
('TOCA VELASCO SEGUNDO ANIBAL', 'CENTRO', 'M', 'TRABAJADOR PUBLICO', '0984533132', '0501355226', 'socio', NULL, NULL, NULL, NULL, NULL, 'satoca@espe.edu.ec', 'adherente'),
('CAICEDO ATIAGA FRANCISCO MARCELO', 'BELISARIO', 'M', 'DOCENTE', '0991443672', '0501421051', 'socio', NULL, NULL, NULL, NULL, NULL, 'fmcaicedo@espe.edu.ec', 'fundador'),
('ERAZO LAVERDE WASHINGTON GERMAN', 'BELISARIO', 'M', 'DOCENTE', '0998210235', '0501432637', 'socio', NULL, NULL, NULL, NULL, NULL, 'wgerazo@espe.edu.ec', 'adherente'),
('CHILUIZA JACHO LUIS ALFONSO', 'CENTRO', 'M', 'TRABAJADOR PUBLICO', '0999825070', '0501442933', 'socio', NULL, NULL, NULL, NULL, NULL, 'lachiluiza@espe.edu.ec', 'fundador'),
('HERRERA GALVEZ SILVANA MADELINE', 'BELISARIO', 'F', 'SERVIDOR PUBLICO', '0984533041', '0501443766', 'socio', NULL, NULL, NULL, NULL, NULL, 'smherrera@espe.edu.ec', 'fundador'),
('NARANJO HIDALGO CESAR ALFREDO', 'BELISARIO', 'M', 'DOCENTE', '0998025796', '0501498505', 'socio', NULL, NULL, NULL, NULL, NULL, 'canaranjo@espe.edu.ec', 'adherente'),
('ALVARADO ESPINOSA LUIS FERNANDO', 'CENTRO', 'M', 'SERVIDOR PUBLICO', '0999820068', '0501503627', 'presidente', NULL, NULL, NULL, NULL, NULL, 'lfalvarado@espe.edu.ec', 'fundador'),
('ACUÑA COELLO FAUSTO VINICIO', 'CENTRO', 'M', 'DOCENTE', '0998336590', '0501510267', 'socio', NULL, NULL, NULL, NULL, NULL, 'fvacunia@espe.edu.ec', 'fundador'),
('BORJA ALMEIDA LUIS GONZALO', 'BELISARIO', 'M', 'DOCENTE', '0998390674', '0501514061', 'socio', NULL, NULL, NULL, NULL, NULL, 'lgborja2@espe.edu.ec', 'adherente'),
('BERRAZUETA OCAMPO MARIA DEL CARMEN ELVIRA', 'CENTRO', 'F', 'SERVIDOR PUBLICO', '0995232529', '0501514244', 'socio', NULL, NULL, NULL, NULL, NULL, 'meberrazueta@espe.edu.ec', 'fundador'),
('MEYTHALER NARANJO AMPARO DE LAS MERCEDES', 'BELISARIO', 'F', 'DOCENTE', '0998974774', '0501515803', 'socio', NULL, NULL, NULL, NULL, NULL, 'ammeythaler@espe.edu.ec', 'fundador'),
('BASSANTE LUZURIAGA MARCELO EDUARDO', 'CENTRO', 'M', 'SERVIDOR PUBLICO', '0984491353', '0501526560', 'socio', NULL, NULL, NULL, NULL, NULL, 'mebassante@espe.edu.ec', 'fundador'),
('CADENA CHAVEZ OSCAR MARCELO', 'CENTRO', 'M', 'DOCENTE', '0979090167', '0501529952', 'socio', NULL, NULL, NULL, NULL, NULL, 'omcadena@espe.edu.ec', 'fundador'),
('SALAZAR PEÑA RAMIRO PATRICIO', 'CENTRO', 'M', 'SERVIDOR PUBLICO', '0987834588', '0501554737', 'socio', NULL, NULL, NULL, NULL, NULL, 'rpsalazar@espe.edu.ec', 'adherente'),
('MENA GARZÓN NARCISA DE JESUS', 'BELISARIO', 'F', 'DOCENTE', '0998303487', '0501615371', 'socio', NULL, NULL, NULL, NULL, NULL, 'ndmena@espe.edu.ec', 'fundador'),
('ESPINEL MENA GONZALO PATRICIO', 'BELISARIO', 'M', 'DOCENTE', '', '0501645790', 'socio', NULL, NULL, NULL, NULL, NULL, 'gpespinel@espe.edu.ec', 'adherente'),
('BENAVIDES ECHEVERRIA IRALDA EUGENIA', 'CENTRO', 'F', 'DOCENTE', '0999238141', '0501654156', 'socio', NULL, NULL, NULL, NULL, NULL, 'iebenavides@espe.edu.ec', 'adherente'),
('LOZADA PAREDES MANUEL NORBERTO', 'CENTRO', 'M', 'TRABAJADOR PUBLICO', '0992905320', '0501659791', 'socio', NULL, NULL, NULL, NULL, NULL, 'mnlozada@espe.edu.ec', 'adherente'),
('ESTRELLA VACA CECILIA TATIANA', 'BELISARIO', 'F', 'SERVIDOR PUBLICO', '0979289518', '0501674949', 'socio', NULL, NULL, NULL, NULL, NULL, 'ctestrella@espe.edu.ec', 'fundador'),
('ANCHATUÑA JOSE PATRICIO', 'CENTRO', 'M', 'TRABAJADOR PUBLICO', '0987279879', '0501690598', 'socio', NULL, NULL, NULL, NULL, NULL, 'jpanchatunia@espe.edu.ec', 'fundador'),
('ACHIG ACHIG JUAN LEON', 'CENTRO', 'M', 'TRABAJADOR PUBLICO', '0984011705', '0501704787', 'socio', NULL, NULL, NULL, NULL, NULL, 'jlachig@espe.edu.ec', 'adherente'),
('MORENO MORA VERONICA', 'CENTRO', 'F', 'DOCENTE', '0996471170', '0501747356', 'socio', NULL, NULL, NULL, NULL, NULL, 'mvmoreno@espe.edu.ec', 'adherente'),
('MASAPANTA ROJAS SEGUNDO INOCENCIO', 'CENTRO', 'M', 'TRABAJADOR PUBLICO', '0984533127', '0501778765', 'socio', NULL, NULL, NULL, NULL, NULL, 'simasapanta@espe.edu.ec', 'adherente'),
('ACURIO MONTENEGRO CONSUELO DE LAS MERCEDES', 'CENTRO', 'F', 'SERVIDOR PUBLICO', '0998890979', '0501805113', 'socio', NULL, NULL, NULL, NULL, NULL, 'cmacurio@espe.edu.ec', 'fundador'),
('GUTIERREZ ROMERO CARLA ESTEFANIA', 'BELISARIO', 'F', 'SERVIDOR PUBLICO', '0998171532', '0501855712', 'socio', NULL, NULL, NULL, NULL, NULL, 'cegutierrez@espe.edu.ec', 'fundador'),
('MARIN DUEÑAS RITA DEL PILAR', 'CENTRO', 'F', 'TRABAJADOR PUBLICO', '0984533124', '0501865752', 'socio', NULL, NULL, NULL, NULL, NULL, 'rpmarin@espe.edu.ec', 'fundador'),
('GOMEZ GOMEZ GLADYS JANETH', 'CENTRO', 'F', 'SERVIDOR PUBLICO', '0984057626', '0501881825', 'socio', NULL, NULL, NULL, NULL, NULL, 'gjgomez@espe.edu.ec', 'fundador'),
('TAPIA LEON JULIO CESAR', 'CENTRO', 'M', 'DOCENTE', '0995222775', '0501909071', 'socio', NULL, NULL, NULL, NULL, NULL, 'jctapia3@espe.edu.ec', 'adherente'),
('ACHIG ACHIG NESTOR RODRIGO', 'CENTRO', 'M', 'TRABAJADOR PUBLICO', '0998477521', '0501915516', 'socio', NULL, NULL, NULL, NULL, NULL, 'nrachig@espe.edu.ec', 'adherente'),
('JACHO GUANOLUISA NANCY DEL PILAR', 'BELISARIO', 'F', 'DOCENTE', '0958997365', '0501963086', 'socio', NULL, NULL, NULL, NULL, NULL, 'npjacho@espe.edu.ec', 'adherente'),
('FLORES SARANGO ANA LUCIA', 'BELISARIO', 'F', 'SERVIDOR PUBLICO', '0983508916', '0501964779', 'socio', NULL, NULL, NULL, NULL, NULL, 'alflores5@espe.edu.ec', 'adherente'),
('CORRAL DIAZ MARIA ALEXANDRA', 'BELISARIO', 'F', 'DOCENTE', '0984533025', '0501970487', 'socio', NULL, NULL, NULL, NULL, NULL, 'macorral@espe.edu.ec', 'adherente'),
('ESTRELLA CEVALLOS  HAYDEE AMPARITO ', 'BELISARIO', 'F', 'SERVIDOR PUBLICO', '0958829821', '0501975742', 'socio', NULL, NULL, NULL, NULL, NULL, 'haestrella@espe.edu.ec', 'fundador'),
('MAIGUA LEMA EVA ALICIA ', 'CENTRO', 'F', 'TRABAJADOR PUBLICO', '0992750681', '0501989040', 'socio', NULL, NULL, NULL, NULL, NULL, 'eamaigua@espe.edu.ec', 'fundador'),
('CARRILLO VARGAS CARMITA MARCELA', 'CENTRO', 'F', 'DOCENTE', '0984458379', '0502001894', 'socio', NULL, NULL, NULL, NULL, NULL, 'cmcarrillo@espe.edu.ec', 'fundador'),
('NAVAS MOYA MILTON PATRICIO', 'BELISARIO', 'M', 'DOCENTE', '0995580901', '0502029275', 'socio', NULL, NULL, NULL, NULL, NULL, 'mpnavas@espe.edu.ec', 'adherente'),
('LEMA CERDA LUIS ALFONSO', 'CENTRO', 'M', 'DOCENTE', '0998576753', '0502046725', 'socio', NULL, NULL, NULL, NULL, NULL, 'lalema@espe.edu.ec', 'adherente'),
('MAYORGA SORIA PAULINA TATIANA', 'BELISARIO', 'F', 'SERVIDOR PUBLICO', '0982443019', '0502056179', 'socio', NULL, NULL, NULL, NULL, NULL, 'ptmayorga@espe.edu.ec', 'adherente'),
('PLAZA CARRILLO SARITA JOHANA', 'CENTRO', 'F', 'SERVIDOR PUBLICO', '0982065486', '0502065212', 'socio', NULL, NULL, NULL, NULL, NULL, 'sjplaza@espe.edu.ec', 'fundador'),
('MOLINA QUISHPE GALO GERMANICO', 'CENTRO', 'M', 'TRABAJADOR PUBLICO', '0984453572', '0502082068', 'socio', NULL, NULL, NULL, NULL, NULL, 'ggmolina@espe.edu.ec', 'fundador'),
('MONTENEGRO VALDIVIEZO VERONICA ELIZABETH', 'CENTRO', 'F', 'DOCENTE', '0995272519', '0502132624', 'socio', NULL, NULL, NULL, NULL, NULL, 'vemontenegro@espe.edu.ec', 'adherente'),
('ALVAREZ IZURIETA CONSUELO VERONICA', 'BELISARIO', 'F', 'SERVIDOR PUBLICO', '0984490041', '0502139595', 'socio', NULL, NULL, NULL, NULL, NULL, 'cvalvarez@espe.edu.ec', 'adherente'),
('ANDALUZ ESPINOSA DIEGO FERNANDO', 'BELISARIO', 'M', 'DOCENTE', '0996767924', '0502166135', 'socio', NULL, NULL, NULL, NULL, NULL, 'dfandaluz@espe.edu.ec', 'adherente'),
('MONTALUISA YUGLA FRANKLIN JAVIER', 'BELISARIO', 'M', 'DOCENTE', '0988518645', '0502166796', 'socio', NULL, NULL, NULL, NULL, NULL, 'fjmontaluisa@espe.edu.ec', 'adherente'),
('JIMENEZ MALLITASIG JOSE VICENTE', 'CENTRO', 'M', 'TRABAJADOR PUBLICO', '0992543503', '0502229016', 'socio', NULL, NULL, NULL, NULL, NULL, 'jvjimenez@espe.edu.ec', 'adherente'),
('SALAZAR CUEVA MONICA ALEXANDRA', 'CENTRO', 'F', 'DOCENTE', '0983095477', '0502301369', 'socio', NULL, NULL, NULL, NULL, NULL, 'masalazar27@espe.edu.ec', 'adherente'),
('SALAZAR GRANDES MAYRA CECILIA', 'BELISARIO', 'F', 'SERVIDOR PUBLICO', '0998390115', '0502307242', 'socio', NULL, NULL, NULL, NULL, NULL, 'mcsalazar@espe.edu.ec', 'adherente'),
('PILATASIG  PANCHI PABLO XAVIER', 'BELISARIO', 'M', 'DOCENTE', '0992802978', '0502307564', 'socio', NULL, NULL, NULL, NULL, NULL, 'pxpilatasig@espe.edu.ec', 'adherente'),
('PROAÑO ESTRELLA JUAN CARLOS', 'CENTRO', 'M', 'TRABAJADOR PUBLICO', '0986004023', '0502308638', 'socio', NULL, NULL, NULL, NULL, NULL, 'jcproanio@espe.edu.ec', 'adherente'),
('PARREÑO OLMOS JOSE ALFREDO', 'BELISARIO', 'M', 'DOCENTE', '0996645093', '0502337181', 'socio', NULL, NULL, NULL, NULL, NULL, 'japarreno2@espe.edu.ec', 'adherente'),
('PILATASIG PILATASIG SILVIA LORENA', 'CENTRO', 'F', 'SERVIDOR PUBLICO', '0984677712', '0502364037', 'socio', NULL, NULL, NULL, NULL, NULL, 'slpilatagsig@espe.edu.ec', 'fundador'),
('SANDOVAL MORENO MARY JANETH', 'BELISARIO', 'F', 'DOCENTE', '0995649516', '0502388937', 'socio', NULL, NULL, NULL, NULL, NULL, 'mjsandoval@espe.edu.ec', 'fundador'),
('PROAÑO OLIVO MARIA FERNANDA', 'BELISARIO', 'F', 'SERVIDOR PUBLICO', '0996577189', '0502399397', 'secretaria', 'Auxiliar Contable', 'SAN BUENAVENTURA', '2024-07-01', NULL, NULL, 'mfproano3@espe.edu.ec', 'fundador'),
('GARZON  RIVERA JENNY PAULINA', 'CENTRO', 'F', 'SERVIDOR PUBLICO', '0983430827', '0502411911', 'socio', NULL, NULL, NULL, NULL, NULL, 'jpgarzon2@espe.edu.ec', 'fundador'),
('SALAZAR PULLOQUINGA JOSÉ LUIS', 'CENTRO', 'M', 'TRABAJADOR PUBLICO', '0984566244', '0502419427', 'socio', NULL, NULL, NULL, NULL, NULL, 'jlsalazar8@espe.edu.ec', 'fundador'),
('BALAREZO MOLINA EDISON PATRICIO', 'CENTRO', 'M', 'TRABAJADOR PUBLICO', '0984533209', '0502424401', 'socio', NULL, NULL, NULL, NULL, NULL, 'epbalarezo@espe.edu.ec', 'adherente'),
('MUÑOZ GRANDES MILTON STALIN', 'BELISARIO', 'M', 'DOCENTE', '0987260021', '0502445547', 'socio', NULL, NULL, NULL, NULL, NULL, 'msmunoz@espe.edu.ec', 'adherente'),
('AMORES  ENDARA FANNY KATHERINE ', 'CENTRO', 'F', 'DOCENTE', '0999835903', '0502448236', 'socio', NULL, NULL, NULL, NULL, NULL, 'fkamores@espe.edu.ec', 'adherente'),
('VITERI ARIAS CRISTIAN SANTIAGO', 'BELISARIO', 'M', 'DOCENTE', '0983306482', '0502476914', 'socio', NULL, NULL, NULL, NULL, NULL, 'csviteri1@espe.edu.ec', 'adherente'),
('SINCHIGUANO BASANTES WILSON PATRICIO', 'CENTRO', 'M', 'TRABAJADOR PUBLICO', '0984655429', '0502492341', 'socio', NULL, NULL, NULL, NULL, NULL, 'wpsinchiguano@espe.edu.ec', 'adherente'),
('KURE MEJIA YADIRA VERONICA', 'CENTRO', 'F', 'DOCENTE', '0987172791', '0502520240', 'socio', NULL, NULL, NULL, NULL, NULL, 'yvkure@espe.edu.ec', 'adherente'),
('CEVALLOS CARVAJAL ALEX SANTIAGO', 'BELISARIO', 'M', 'DOCENTE', '0987470104', '0502530447', 'socio', NULL, NULL, NULL, NULL, NULL, 'ascevallos2@espe.edu.ec', 'adherente'),
('MEYTHALER NARANJO JORGE EDUARDO', 'BELISARIO', 'M', 'DOCENTE', '0984075655', '0502531460', 'socio', NULL, NULL, NULL, NULL, NULL, 'jemeythaler@espe.edu.ec', 'fundador'),
('QUINATOA AREQUIPA EDWIN EDISON', 'BELISARIO', 'M', 'DOCENTE', '0995940901', '0502563372', 'socio', NULL, NULL, NULL, NULL, NULL, 'eequinatoa3@espe.edu.ec', 'adherente'),
('CHANGO CANDO MILTON RODRIGO', 'CENTRO', 'M', 'SERVIDOR PUBLICO', '0958740298', '0502591340', 'socio', NULL, NULL, NULL, NULL, NULL, 'mrchango@espe.edu.ec', 'adherente'),
('HURTADO CAJAS MARIA EUGENIA', 'BELISARIO', 'F', 'SERVIDOR PUBLICO', '0984713416', '0502631294', 'socio', NULL, NULL, NULL, NULL, NULL, 'mehurtado1@espe.edu.ec', 'adherente'),
('ESPINOSA JARAMILLO MARIA TERESA', 'CENTRO', 'F', 'DOCENTE', '0937200134', '0502631377', 'socio', NULL, NULL, NULL, NULL, NULL, 'mtespinosa@espe.edu.ec', 'adherente'),
('DEFAZ TOAPANTA VERONICA ELIZABETH', 'CENTRO', 'F', 'DOCENTE', '0984686906', '0502667298', 'socio', NULL, NULL, NULL, NULL, NULL, 'vedefaz@espe.edu.ec', 'fundador'),
('BASANTES MOREANO LUIS FREDY', 'BELISARIO', 'M', 'DOCENTE', '0992920737', '0502676976', 'socio', NULL, NULL, NULL, NULL, NULL, 'lfbasantes@espe.edu.ec', 'adherente'),
('QUIÑONEZ BEDON MAYRA FERNANDA', 'CENTRO', 'F', 'DOCENTE', '0992550134', '0502744378', 'socio', NULL, NULL, NULL, NULL, NULL, NULL, 'adherente'),
('CHASIQUIZA MOLINA EDWIN OSWALDO', 'BELISARIO', 'M', 'DOCENTE', '', '0502767254', 'socio', NULL, NULL, NULL, NULL, NULL, 'eochasiquiza@espe.edu.ec', 'adherente'),
('ERAZO RODAS MAYRA JOHANNA', 'BELISARIO', 'F', 'DOCENTE', '0984667505', '0502771314', 'socio', NULL, NULL, NULL, NULL, NULL, 'mjerazo@espe.edu.ec', 'fundador'),
('ALPUSIG CUICHAN SILVIA EMPERATRIZ', 'BELISARIO', 'F', 'DOCENTE', '0995447524', '0502779697', 'socio', NULL, NULL, NULL, NULL, NULL, 'sealpusig@espe.edu.ec', 'adherente'),
('MATHEU ESPINOSA FRANCISCO XAVIER', 'CENTRO', 'M', 'DOCENTE', '0998444887', '0502837677', 'socio', NULL, NULL, NULL, NULL, NULL, 'fxmatheus@espe.edu.ec', 'adherente'),
('MOLINA HERRERA JENNY CAROLINA', 'CENTRO', 'F', 'SERVIDOR PUBLICO', '0984674403', '0502926884', 'socio', NULL, NULL, NULL, NULL, NULL, 'jcmolina3@espe.edu.ec', 'fundador'),
('TORRES ESPIN ENMA MARIELY', 'CENTRO', 'F', 'DOCENTE', '0984544206', '0502928047', 'socio', NULL, NULL, NULL, NULL, NULL, 'emtorres1@espe.edu.ec', 'adherente'),
('GARCÍA  BUSTILLOS CLEMENCIA ALEJANDRA', 'CENTRO', 'F', 'SERVIDOR PUBLICO', '0987347493', '0502957954', 'tesorero', NULL, NULL, NULL, NULL, NULL, 'cagarcia1@espe.edu.ec', 'fundador'),
('LARA JACOME OSCAR RODRIGO', 'BELISARIO', 'M', 'DOCENTE', '0995957587', '0502960594', 'socio', NULL, NULL, NULL, NULL, NULL, 'orlara@espe.edu.ec', 'adherente'),
('MALAVE DROUET SARA JANETH', 'CENTRO', 'F', 'DOCENTE', '0987145416', '0502965841', 'socio', NULL, NULL, NULL, NULL, NULL, 'sjmalave@espe.edu.ec', 'adherente'),
('CLAUDIO  CLAUDIO LICENIA MAGALY ', 'BELISARIO', 'F', 'SERVIDOR PUBLICO', '0958604916', '0502967052', 'socio', NULL, NULL, NULL, NULL, NULL, 'lmclaudio@espe.edu.ec', 'fundador'),
('PULLOPAXI GUTIERREZ RUTH GERMANIA', 'CENTRO', 'F', 'SERVIDOR PUBLICO', '0984614606', '0502993744', 'socio', NULL, NULL, NULL, NULL, NULL, 'rgpullopaxi@espe.edu.ec', 'fundador'),
('CULQUI TIPAN JAVIER FERNANDO', 'BELISARIO', 'M', 'DOCENTE', '0992521425', '0503006454', 'socio', NULL, NULL, NULL, NULL, NULL, 'jfculqui@espe.edu.ec', 'adherente'),
('CRUZ ARCOS GUILLERMO MAURICIO', 'BELISARIO', 'M', 'DOCENTE', '0987031204', '0503010555', 'socio', NULL, NULL, NULL, NULL, NULL, 'gmcruz@espe.edu.ec', 'adherente'),
('TERAN HERRERA MARIA BELEN', 'CENTRO', 'F', 'DOCENTE', '0984937417', '0503049488', 'socio', NULL, NULL, NULL, NULL, NULL, 'mbteran@espe.edu.ec', 'adherente'),
('ZURITA CAISAGUANO JONATHAN RAPHAEL', 'BELISARIO', 'M', 'DOCENTE', '0983047452', '0503068660', 'socio', NULL, NULL, NULL, NULL, NULL, 'jrzurita1@espe.edu.ec', 'fundador'),
('MORETA CHANGOLUIZA JANNETH ELIZABETH', 'BELISARIO', 'F', 'DOCENTE', '0984415563', '0503078974', 'socio', NULL, NULL, NULL, NULL, NULL, 'jemoreta1@espe.edu.ec', 'adherente'),
('TOBAR HERRERA DANIEL GUSTAVO', 'CENTRO', 'M', 'DOCENTE', '0983224912', '0503129751', 'socio', NULL, NULL, NULL, NULL, NULL, 'dgtobar3@espe.edu.ec', 'adherente'),
('BUSTILLOS ESCOLA DIEGO ISRAEL', 'BELISARIO', 'M', 'DOCENTE', '0987584700', '0503159808', 'socio', NULL, NULL, NULL, NULL, NULL, NULL, 'fundador'),
('CAJAS ESPINOSA MARIA JOSÉ', 'CENTRO', 'F', 'SERVIDOR PUBLICO', '0999953094', '0503176828', 'socio', NULL, NULL, NULL, NULL, NULL, 'mjcajas1@espe.edu.ec', 'adherente'),
('MOGRO BORJA MARIA FERNANDA', 'BELISARIO', 'F', 'DOCENTE', '0995655508', '0503199598', 'socio', NULL, NULL, NULL, NULL, NULL, 'mfmogro@espe.edu.ec', 'adherente'),
('CHICAIZA LEMA NELLY FABIOLA', 'CENTRO', 'F', 'DOCENTE', '0984413953', '0503263279', 'socio', NULL, NULL, NULL, NULL, NULL, 'nfchicaiza@espe.edu.ec', 'adherente'),
('ALVIA MEDINA MONICA MARICELA', 'BELISARIO', 'F', 'SERVIDOR PUBLICO', '0998547574', '0503263527', 'socio', NULL, NULL, NULL, NULL, NULL, 'mmalvia@espe.edu.ec', 'fundador'),
('UNAPUCHA TENORIO EDISON JAVIER', 'CENTRO', 'M', 'DOCENTE', '0984795807', '0503289555', 'socio', NULL, NULL, NULL, NULL, NULL, 'ejunapucha@espe.edu.ec', 'adherente'),
('GÓMEZ HOYOS PATRICIA CATHERINE', 'BELISARIO', 'F', 'SERVIDOR PUBLICO', '0995403049', '0503345001', 'socio', NULL, NULL, NULL, NULL, NULL, 'pcgomez@espe.edu.ec', 'fundador'),
('ZAMBONINO VARGAS MARÍA ALEXANDRA', 'BELISARIO', 'F', 'SERVIDOR PUBLICO', '0990716420', '0503377749', 'socio', NULL, NULL, NULL, NULL, NULL, 'mazambonino@espe.edu.ec', 'fundador'),
('CALVOPIÑA OSORIO JENNY PAOLA', 'BELISARIO', 'F', 'DOCENTE', '0995813021', '0503390239', 'socio', NULL, NULL, NULL, NULL, NULL, 'jpcalvopina1@espe.edu.ec', 'adherente'),
('CARRERA TAPIA ROMEL DAVID ', 'BELISARIO', 'M', 'DOCENTE', '0995174907', '0503393258', 'socio', NULL, NULL, NULL, NULL, NULL, 'rdcarrera@espe.edu.ec', 'fundador'),
('ARIAS PEREZ ANGEL XAVIER', 'BELISARIO', 'M', 'DOCENTE', '0992504350', '0503454811', 'socio', NULL, NULL, NULL, NULL, NULL, 'axarias@espe.edu.ec', 'adherente'),
('HALLO CARRASCO LUCY MONSERRATH', 'CENTRO', 'F', 'SERVIDOR PUBLICO', '0959408075', '0503578403', 'socio', NULL, NULL, NULL, NULL, NULL, 'lmhallo@espe.edu.ec', 'fundador'),
('ZAMBRANO PEÑAHERRERA ALEX OMAR', 'BELISARIO', 'M', 'SERVIDOR PUBLICO', '0984542660', '0503782963', 'socio', NULL, NULL, NULL, NULL, NULL, 'aozambrano@espe.edu.ec', 'fundador'),
('ALBAN ZAMBRANO ROSA MABEL', 'CENTRO', 'F', 'SERVIDOR PUBLICO', '0992706459', '0503785727', 'socio', NULL, NULL, NULL, NULL, NULL, 'rmalban@espe.edu.ec', 'fundador'),
('TAIPICAÑA ROCHA JOEL ALEJANDRO', 'CENTRO', 'M', 'TRABAJO PUBLICO', '0958718430', '0503838781', 'socio', 'SERVIDOR', 'LATACUNGA', '2025-06-05', 'uploads/trabajoFinalSeguridadesF.pdf', 'XD', 'jataipicanaro@espe.edu.ec', 'nuevo'),
('REYES SEGOVIA MERCEDES ELIZABETH', 'CENTRO', 'F', 'DOCENTE', '0987345949', '0503861536', 'socio', NULL, NULL, NULL, NULL, NULL, 'mereyes8@espe.edu.ec', 'adherente'),
('PEÑAHERRERA VEINTIMILLA JESSICA LORENA', 'BELISARIO', 'F', 'DOCENTE', '0999701018', '0503990269', 'socio', NULL, NULL, NULL, NULL, NULL, 'jlpenaherrera@espe.edu.ec', 'fundador'),
('VITERI BORJA MICHELLE ESTEFANÍA', 'CENTRO', 'F', 'SERVIDOR PUBLICO', '0984308292', '0504239294', 'socio', NULL, NULL, NULL, NULL, NULL, 'meviteri2@espe.edu.ec', 'fundador'),
('POZO JARA ELSA JACQUELINE', 'BELISARIO', 'F', 'DOCENTE', '0999777554', '0602151060', 'socio', NULL, NULL, NULL, NULL, NULL, 'ejpozo3@espe.edu.ec', 'adherente'),
('CANDO CANDO GUADALUPE PATRICIA', 'CENTRO', 'F', 'SERVIDOR PUBLICO', '0992762897', '0602606832', 'socio', NULL, NULL, NULL, NULL, NULL, NULL, 'fundador'),
('VILLA ZUMBA MIGUEL ANGEL', 'BELISARIO', 'M', 'DOCENTE', '0993495489', '0602664419', 'socio', NULL, NULL, NULL, NULL, NULL, 'mavilla1@espe.edu.ec', 'adherente'),
('AREVALO RODRIGUEZ ESTEBAN ANDRES', 'BELISARIO', 'M', 'DOCENTE', '0984615479', '0604248062', 'socio', NULL, NULL, NULL, NULL, NULL, 'eaarevalo1@espe.edu.ec', 'adherente'),
('JACOME GUERRERO PATRICIO SANTIAGO', 'BELISARIO', 'M', 'DOCENTE', '0987768663', '1001689791', 'socio', NULL, NULL, NULL, NULL, NULL, 'psjacome@espe.edu.ec', 'adherente'),
('CARDENAS PÉREZ ALISVA DE LOS ANGELES', 'CENTRO', 'F', 'DOCENTE', '0984168913', '1104169410', 'socio', NULL, NULL, NULL, NULL, NULL, 'aacardenas@espe.edu.ec', 'adherente'),
('MENA MENA LUIS ENRIQUE', 'BELISARIO', 'M', 'DOCENTE', '0996752653', '1204647596', 'socio', NULL, NULL, NULL, NULL, NULL, 'lemena@espe.edu.ec', 'adherente'),
('ZABALA CACERES EMMY SAMANTHA', 'BELISARIO', 'F', 'DOCENTE', '0996484210', '1500636889', 'socio', NULL, NULL, NULL, NULL, NULL, 'eszabala@espe.edu.ec', 'fundador'),
('ALVAREZ SALAZAR FABIAN ARMANDO', 'BELISARIO', 'M', 'DOCENTE', '0998248547', '1706284880', 'socio', NULL, NULL, NULL, NULL, NULL, 'faalvarez@espe.edu.ec', 'fundador'),
('CABEZAS MEJIA EDISON DAMIAN', 'CENTRO', 'M', 'DOCENTE', '0984697712', '1709435851', 'socio', NULL, NULL, NULL, NULL, NULL, 'edcabezas@espe.edu.ec', 'adherente'),
('MENA MENA EURO RODRIGO', 'BELISARIO', 'M', 'DOCENTE', '0963010342', '1712681046', 'socio', NULL, NULL, NULL, NULL, NULL, 'ermena@espe.edu.ec', 'adherente'),
('VELASCO GUERRA ANDREA ESTEFANÍA', 'CENTRO', 'F', 'DOCENTE', '0982424846', '1714563283', 'socio', NULL, NULL, NULL, NULL, NULL, 'aevelasco@espe.edu.ec', 'adherente'),
('MOREIRA ROSALES LOURDES VIVIANA', 'BELISARIO', 'F', 'SERVIDOR PUBLICO', '0997750201', '1716144603', 'socio', NULL, NULL, NULL, NULL, NULL, 'lvmoreira1@espe.edu.ec', 'fundador'),
('GUAMAN  GUAMAN SEGUNDO XAVIER', 'CENTRO', 'M', 'TRABAJADOR PUBLICO', '0939349437', '1717282873', 'socio', NULL, NULL, NULL, NULL, NULL, 'sxguaman@espe.edu.ec', 'fundador'),
('JACOME GUEVARA FAUSTO ANDRES', 'BELISARIO', 'M', 'DOCENTE', '0996800692', '1717579609', 'socio', NULL, NULL, NULL, NULL, NULL, 'fajacome1@espe.edu.ec', 'adherente'),
('BAUTISTA ZURITA RODRIGO CRISTOBAL ', 'BELISARIO', 'M', 'DOCENTE', '0987721360', '1720240991', 'socio', NULL, NULL, NULL, NULL, NULL, NULL, 'adherente'),
('CHANATAXI NACIMBA BRYAN JAVIER', 'BELISARIO', 'M', 'DOCENTE', '', '1722071055', 'socio', NULL, NULL, NULL, NULL, NULL, 'bjchanataxi@espe.edu.ec', 'adherente'),
('INCA YAJAMIN GABRIEL SEBASTIAN', 'BELISARIO', 'M', 'DOCENTE', '0998374684', '1722580329', 'socio', NULL, NULL, NULL, NULL, NULL, 'gsinca@espe.edu.ec', 'adherente'),
('ARELLANO REYES MILTON ANDRES', 'BELISARIO', 'M', 'DOCENTE', '0969766617', '1723064513', 'socio', NULL, NULL, NULL, NULL, NULL, 'maarellano3@espe.edu.ec', 'adherente'),
('CAIZA FUEL JOSSELYN ALEJANDRA', 'BELISARIO', 'F', 'SERVIDOR PUBLICO', '0968459929', '1723488506', 'socio', NULL, NULL, NULL, NULL, NULL, 'jacaiza21@espe.edu.ec', 'adherente'),
('AGUILERA MONTALVAN LISSETH IVANOVA', 'CENTRO', 'F', 'DOCENTE', '0986739601', '1723638035', 'socio', NULL, NULL, NULL, NULL, NULL, 'liaguilera@espe.edu.ec', 'adherente'),
('MASACHE ALMEIDA PAUL ANDRES', 'BELISARIO', 'M', 'DOCENTE', '0982485088', '1725785552', 'socio', NULL, NULL, NULL, NULL, NULL, 'pamasache@espe.edu.ec', 'adherente'),
('GUEVARA JIMENEZ PAUL STALIN', 'CENTRO', 'M', 'TRABAJADOR PUBLICO', '0990717828', '1753023272', 'socio', NULL, NULL, NULL, NULL, NULL, 'psguevara@espe.edu.ec', 'adherente'),
('GONZALEZ RUIZ LUIS PATRICIO', 'CENTRO', 'M', 'DOCENTE', '0998728664', '1801695691', 'socio', NULL, NULL, NULL, NULL, NULL, 'lpgonzalez@espe.edu.ec', 'adherente'),
('SILVA MONTEROS CARLOS MARCELO', 'BELISARIO', 'M', 'DOCENTE', '0998329410', '1801836360', 'socio', NULL, NULL, NULL, NULL, NULL, 'cmsilva@espe.edu.ec', 'fundador'),
('LOPEZ CHICO XIMENA DEL ROCIO', 'BELISARIO', 'F', 'DOCENTE', '0984581817', '1801894724', 'socio', NULL, NULL, NULL, NULL, NULL, 'xrlopez@espe.edu.ec', 'fundador'),
('FREIRE LLERENA WASHINGTON RODRIGO', 'BELISARIO', 'M', 'DOCENTE', '0984491675', '1801910884', 'socio', NULL, NULL, NULL, NULL, NULL, 'wrfreire@espe.edu.ec', 'adherente'),
('SILVA MONTEROS FRANKLIN MANUEL', 'BELISARIO', 'M', 'DOCENTE', '0999719329', '1801962125', 'socio', NULL, NULL, NULL, NULL, NULL, 'fmsilva@espe.edu.ec', 'adherente'),
('ROBAYO ESPIN ALICIA MARIANELA', 'BELISARIO', 'F', 'SERVIDOR PUBLICO', '0984532884', '1802311710', 'socio', NULL, NULL, NULL, NULL, NULL, 'amrobayo@espe.edu.ec', 'adherente'),
('RIVAS LALALEO DAVID RAIMUNDO', 'BELISARIO', 'M', 'DOCENTE', '0998542162', '1802445302', 'socio', NULL, NULL, NULL, NULL, NULL, 'drrivas@espe.edu.ec', 'adherente'),
('TRUJILLO SANCHEZ SERGIO FABRICIO', 'BELISARIO', 'M', 'DOCENTE', '0988754456', '1802535797', 'socio', NULL, NULL, NULL, NULL, NULL, 'sftrujillo@espe.edu.ec', 'adherente'),
('PEREZ GUTIERREZ MILTON FABRICIO', 'BELISARIO', 'M', 'DOCENTE', '0982232807', '1802565711', 'socio', NULL, NULL, NULL, NULL, NULL, 'mfperez3@espe.edu.ec', 'fundador'),
('SAAVEDRA ACOSTA GALO ROBERTO', 'CENTRO', 'M', 'DOCENTE', '0983107769', '1802731115', 'socio', NULL, NULL, NULL, NULL, NULL, 'grsaavedra@espe.edu.ec', 'adherente'),
('TOALOMBO CAPUZ MARIA MAGDALENA', 'CENTRO', 'F', 'DOCENTE', '0983062362', '1802817344', 'socio', NULL, NULL, NULL, NULL, NULL, 'mmtoalombo@espe.edu.ec', 'adherente'),
('AMORES RAMOS JULIO CESAR', 'CENTRO', 'M', 'SERVIDOR PUBLICO', '0958625734', '1802867356', 'socio', NULL, NULL, NULL, NULL, NULL, 'jcamores@espe.edu.ec', 'fundador'),
('MORALES ORTIZ MARCIA JIMENA', 'BELISARIO', 'F', 'DOCENTE', '0987686661', '1803117223', 'socio', NULL, NULL, NULL, NULL, NULL, 'mjmorales@espe.edu.ec', 'fundador'),
('GALARZA BARRIONUEVO OMAR VINICIO', 'BELISARIO', 'M', 'DOCENTE', '0984932259', '1803238128', 'socio', NULL, NULL, NULL, NULL, NULL, 'ovgalarza@espe.edu.ec', 'adherente'),
('URQUIZO VACA SANTIAGO RAFAEL', 'CENTRO', 'M', 'DOCENTE', '0987622742', '1803243599', 'socio', NULL, NULL, NULL, NULL, NULL, 'srurquizo@espe.edu.ec', 'fundador'),
('MOSCOSO JURADO DAVID ESTUARDO', 'CENTRO', 'M', 'DOCENTE', '0983204142', '1803393485', 'socio', NULL, NULL, NULL, NULL, NULL, 'demoscoso@espe.edu.ec', 'adherente'),
('CHANGO GALARZA MARIELA CRISTINA', 'CENTRO', 'F', 'DOCENTE', '0984836047', '1803406493', 'socio', NULL, NULL, NULL, NULL, NULL, NULL, 'fundador'),
('MOLINA SANCHEZ JOSE ISAAC', 'BELISARIO', 'M', 'DOCENTE', '0986541991', '1803752300', 'socio', NULL, NULL, NULL, NULL, NULL, 'jjmolina7@espe.edu.ec', 'fundador'),
('CAICEDO ALTAMIRANO FERNANDO SEBASTIAN', 'BELISARIO', 'M', 'DOCENTE', '0995820128', '1803935020', 'socio', NULL, NULL, NULL, NULL, NULL, 'fscaicedo@espe.edu.ec', 'adherente'),
('RAMOS JINEZ ALEX JAVIER', 'BELISARIO', 'M', 'DOCENTE', '0992527089', '1804326625', 'socio', NULL, NULL, NULL, NULL, NULL, 'ajramos@espe.edu.ec', 'fundador'),
('SOLIS SANTAMARIA SANTIAGO ISAAC', 'BELISARIO', 'M', 'DOCENTE', '0979658868', '1804327144', 'socio', NULL, NULL, NULL, NULL, NULL, 'sisolis@espe.edu.ec', 'fundador'),
('MOYA CASTILLO ERIKA VANESSA', 'BELISARIO', 'F', 'DOCENTE', '0992569333', '1804343653', 'socio', NULL, NULL, NULL, NULL, NULL, 'evmoya1@espe.edu.ec', 'adherente');

--
-- Indexes for dumped tables
--

--
-- Indexes for table `aportes`
--
ALTER TABLE `aportes`
  ADD PRIMARY KEY (`cedula`);

--
-- Indexes for table `aportes_socios`
--
ALTER TABLE `aportes_socios`
  ADD PRIMARY KEY (`cedula`);

--
-- Indexes for table `comprobantes_pago`
--
ALTER TABLE `comprobantes_pago`
  ADD PRIMARY KEY (`id`),
  ADD UNIQUE KEY `numero_comprobante` (`numero_comprobante`);

--
-- Indexes for table `cupossocios`
--
ALTER TABLE `cupossocios`
  ADD PRIMARY KEY (`cedula`);

--
-- Indexes for table `historial_aportes`
--
ALTER TABLE `historial_aportes`
  ADD PRIMARY KEY (`id`);

--
-- Indexes for table `historial_carga_aportes`
--
ALTER TABLE `historial_carga_aportes`
  ADD PRIMARY KEY (`id`);

--
-- Indexes for table `historial_eliminaciones`
--
ALTER TABLE `historial_eliminaciones`
  ADD PRIMARY KEY (`id`);

--
-- Indexes for table `iniciosesion`
--
ALTER TABLE `iniciosesion`
  ADD PRIMARY KEY (`cedula`);

--
-- Indexes for table `noticias`
--
ALTER TABLE `noticias`
  ADD PRIMARY KEY (`id`);

--
-- Indexes for table `socios`
--
ALTER TABLE `socios`
  ADD PRIMARY KEY (`cedula`);

--
-- AUTO_INCREMENT for dumped tables
--

--
-- AUTO_INCREMENT for table `comprobantes_pago`
--
ALTER TABLE `comprobantes_pago`
  MODIFY `id` int(11) NOT NULL AUTO_INCREMENT, AUTO_INCREMENT=60;

--
-- AUTO_INCREMENT for table `historial_aportes`
--
ALTER TABLE `historial_aportes`
  MODIFY `id` int(11) NOT NULL AUTO_INCREMENT;

--
-- AUTO_INCREMENT for table `historial_carga_aportes`
--
ALTER TABLE `historial_carga_aportes`
  MODIFY `id` int(11) NOT NULL AUTO_INCREMENT, AUTO_INCREMENT=1210;

--
-- AUTO_INCREMENT for table `historial_eliminaciones`
--
ALTER TABLE `historial_eliminaciones`
  MODIFY `id` int(11) NOT NULL AUTO_INCREMENT, AUTO_INCREMENT=38;

--
-- AUTO_INCREMENT for table `noticias`
--
ALTER TABLE `noticias`
  MODIFY `id` int(11) NOT NULL AUTO_INCREMENT, AUTO_INCREMENT=4;
COMMIT;

/*!40101 SET CHARACTER_SET_CLIENT=@OLD_CHARACTER_SET_CLIENT */;
/*!40101 SET CHARACTER_SET_RESULTS=@OLD_CHARACTER_SET_RESULTS */;
/*!40101 SET COLLATION_CONNECTION=@OLD_COLLATION_CONNECTION */;
